symbol,n_l1_events,n_skipped,naive.n_quotes,naive.n_fills_outcome,naive.n_fills_measured,naive.measured_coverage,naive.fill_rate,naive.n_adverse_through_outcome,naive.n_adverse_through_measured,naive.pooled_measured.n,naive.pooled_measured.half_spread_bps,naive.pooled_measured.adverse_sel_bps@5,naive.pooled_measured.adverse_sel_median_bps@5,naive.pooled_measured.edge_before_fees_bps@5,naive.pooled_measured.net_bps@5_maker_exit,naive.pooled_measured.net_bps@5_taker_exit,naive.pooled_measured.break_even_fee_round_trip_bps@5_maker_exit,naive.pooled_measured.break_even_maker_fee_bps_per_side@5_maker_exit,naive.pooled_measured.fee_round_trip_shortfall_bps@5_maker_exit,naive.pooled_measured.required_half_spread_bps@5_maker_exit,naive.pooled_measured.required_maker_rebate_bps_per_side@5_maker_exit,naive.pooled_measured.signif_suppressed@5,naive.pooled_measured.adverse_sel_bps@15,naive.pooled_measured.adverse_sel_median_bps@15,naive.pooled_measured.edge_before_fees_bps@15,naive.pooled_measured.net_bps@15_maker_exit,naive.pooled_measured.net_bps@15_taker_exit,naive.pooled_measured.break_even_fee_round_trip_bps@15_maker_exit,naive.pooled_measured.break_even_maker_fee_bps_per_side@15_maker_exit,naive.pooled_measured.fee_round_trip_shortfall_bps@15_maker_exit,naive.pooled_measured.required_half_spread_bps@15_maker_exit,naive.pooled_measured.required_maker_rebate_bps_per_side@15_maker_exit,naive.pooled_measured.signif_suppressed@15,naive.pooled_measured.adverse_sel_bps@30,naive.pooled_measured.adverse_sel_median_bps@30,naive.pooled_measured.edge_before_fees_bps@30,naive.pooled_measured.net_bps@30_maker_exit,naive.pooled_measured.net_bps@30_taker_exit,naive.pooled_measured.break_even_fee_round_trip_bps@30_maker_exit,naive.pooled_measured.break_even_maker_fee_bps_per_side@30_maker_exit,naive.pooled_measured.fee_round_trip_shortfall_bps@30_maker_exit,naive.pooled_measured.required_half_spread_bps@30_maker_exit,naive.pooled_measured.required_maker_rebate_bps_per_side@30_maker_exit,naive.pooled_measured.signif_suppressed@30,naive.fill_only.n,naive.fill_only.half_spread_bps,naive.fill_only.adverse_sel_bps@5,naive.fill_only.adverse_sel_median_bps@5,naive.fill_only.edge_before_fees_bps@5,naive.fill_only.net_bps@5_maker_exit,naive.fill_only.net_bps@5_taker_exit,naive.fill_only.break_even_fee_round_trip_bps@5_maker_exit,naive.fill_only.break_even_maker_fee_bps_per_side@5_maker_exit,naive.fill_only.fee_round_trip_shortfall_bps@5_maker_exit,naive.fill_only.required_half_spread_bps@5_maker_exit,naive.fill_only.required_maker_rebate_bps_per_side@5_maker_exit,naive.fill_only.signif_suppressed@5,naive.fill_only.adverse_sel_bps@15,naive.fill_only.adverse_sel_median_bps@15,naive.fill_only.edge_before_fees_bps@15,naive.fill_only.net_bps@15_maker_exit,naive.fill_only.net_bps@15_taker_exit,naive.fill_only.break_even_fee_round_trip_bps@15_maker_exit,naive.fill_only.break_even_maker_fee_bps_per_side@15_maker_exit,naive.fill_only.fee_round_trip_shortfall_bps@15_maker_exit,naive.fill_only.required_half_spread_bps@15_maker_exit,naive.fill_only.required_maker_rebate_bps_per_side@15_maker_exit,naive.fill_only.signif_suppressed@15,naive.fill_only.adverse_sel_bps@30,naive.fill_only.adverse_sel_median_bps@30,naive.fill_only.edge_before_fees_bps@30,naive.fill_only.net_bps@30_maker_exit,naive.fill_only.net_bps@30_taker_exit,naive.fill_only.break_even_fee_round_trip_bps@30_maker_exit,naive.fill_only.break_even_maker_fee_bps_per_side@30_maker_exit,naive.fill_only.fee_round_trip_shortfall_bps@30_maker_exit,naive.fill_only.required_half_spread_bps@30_maker_exit,naive.fill_only.required_maker_rebate_bps_per_side@30_maker_exit,naive.fill_only.signif_suppressed@30,naive.adverse_through_only.n,naive.adverse_through_only.half_spread_bps,naive.adverse_through_only.adverse_sel_bps@5,naive.adverse_through_only.adverse_sel_median_bps@5,naive.adverse_through_only.edge_before_fees_bps@5,naive.adverse_through_only.net_bps@5_maker_exit,naive.adverse_through_only.net_bps@5_taker_exit,naive.adverse_through_only.break_even_fee_round_trip_bps@5_maker_exit,naive.adverse_through_only.break_even_maker_fee_bps_per_side@5_maker_exit,naive.adverse_through_only.fee_round_trip_shortfall_bps@5_maker_exit,naive.adverse_through_only.required_half_spread_bps@5_maker_exit,naive.adverse_through_only.required_maker_rebate_bps_per_side@5_maker_exit,naive.adverse_through_only.signif_suppressed@5,naive.adverse_through_only.adverse_sel_bps@15,naive.adverse_through_only.adverse_sel_median_bps@15,naive.adverse_through_only.edge_before_fees_bps@15,naive.adverse_through_only.net_bps@15_maker_exit,naive.adverse_through_only.net_bps@15_taker_exit,naive.adverse_through_only.break_even_fee_round_trip_bps@15_maker_exit,naive.adverse_through_only.break_even_maker_fee_bps_per_side@15_maker_exit,naive.adverse_through_only.fee_round_trip_shortfall_bps@15_maker_exit,naive.adverse_through_only.required_half_spread_bps@15_maker_exit,naive.adverse_through_only.required_maker_rebate_bps_per_side@15_maker_exit,naive.adverse_through_only.signif_suppressed@15,naive.adverse_through_only.adverse_sel_bps@30,naive.adverse_through_only.adverse_sel_median_bps@30,naive.adverse_through_only.edge_before_fees_bps@30,naive.adverse_through_only.net_bps@30_maker_exit,naive.adverse_through_only.net_bps@30_taker_exit,naive.adverse_through_only.break_even_fee_round_trip_bps@30_maker_exit,naive.adverse_through_only.break_even_maker_fee_bps_per_side@30_maker_exit,naive.adverse_through_only.fee_round_trip_shortfall_bps@30_maker_exit,naive.adverse_through_only.required_half_spread_bps@30_maker_exit,naive.adverse_through_only.required_maker_rebate_bps_per_side@30_maker_exit,naive.adverse_through_only.signif_suppressed@30,naive.net_per_quoting_hour_usd_units@5_maker_fill_only,naive.net_per_quoting_hour_usd_units@15_maker_fill_only,naive.net_per_quoting_hour_usd_units@30_maker_fill_only,informed_skip.n_quotes,informed_skip.n_fills_outcome,informed_skip.n_fills_measured,informed_skip.measured_coverage,informed_skip.fill_rate,informed_skip.n_adverse_through_outcome,informed_skip.n_adverse_through_measured,informed_skip.pooled_measured.n,informed_skip.pooled_measured.half_spread_bps,informed_skip.pooled_measured.adverse_sel_bps@5,informed_skip.pooled_measured.adverse_sel_median_bps@5,informed_skip.pooled_measured.edge_before_fees_bps@5,informed_skip.pooled_measured.net_bps@5_maker_exit,informed_skip.pooled_measured.net_bps@5_taker_exit,informed_skip.pooled_measured.break_even_fee_round_trip_bps@5_maker_exit,informed_skip.pooled_measured.break_even_maker_fee_bps_per_side@5_maker_exit,informed_skip.pooled_measured.fee_round_trip_shortfall_bps@5_maker_exit,informed_skip.pooled_measured.required_half_spread_bps@5_maker_exit,informed_skip.pooled_measured.required_maker_rebate_bps_per_side@5_maker_exit,informed_skip.pooled_measured.signif_suppressed@5,informed_skip.pooled_measured.adverse_sel_bps@15,informed_skip.pooled_measured.adverse_sel_median_bps@15,informed_skip.pooled_measured.edge_before_fees_bps@15,informed_skip.pooled_measured.net_bps@15_maker_exit,informed_skip.pooled_measured.net_bps@15_taker_exit,informed_skip.pooled_measured.break_even_fee_round_trip_bps@15_maker_exit,informed_skip.pooled_measured.break_even_maker_fee_bps_per_side@15_maker_exit,informed_skip.pooled_measured.fee_round_trip_shortfall_bps@15_maker_exit,informed_skip.pooled_measured.required_half_spread_bps@15_maker_exit,informed_skip.pooled_measured.required_maker_rebate_bps_per_side@15_maker_exit,informed_skip.pooled_measured.signif_suppressed@15,informed_skip.pooled_measured.adverse_sel_bps@30,informed_skip.pooled_measured.adverse_sel_median_bps@30,informed_skip.pooled_measured.edge_before_fees_bps@30,informed_skip.pooled_measured.net_bps@30_maker_exit,informed_skip.pooled_measured.net_bps@30_taker_exit,informed_skip.pooled_measured.break_even_fee_round_trip_bps@30_maker_exit,informed_skip.pooled_measured.break_even_maker_fee_bps_per_side@30_maker_exit,informed_skip.pooled_measured.fee_round_trip_shortfall_bps@30_maker_exit,informed_skip.pooled_measured.required_half_spread_bps@30_maker_exit,informed_skip.pooled_measured.required_maker_rebate_bps_per_side@30_maker_exit,informed_skip.pooled_measured.signif_suppressed@30,informed_skip.fill_only.n,informed_skip.fill_only.half_spread_bps,informed_skip.fill_only.adverse_sel_bps@5,informed_skip.fill_only.adverse_sel_median_bps@5,informed_skip.fill_only.edge_before_fees_bps@5,informed_skip.fill_only.net_bps@5_maker_exit,informed_skip.fill_only.net_bps@5_taker_exit,informed_skip.fill_only.break_even_fee_round_trip_bps@5_maker_exit,informed_skip.fill_only.break_even_maker_fee_bps_per_side@5_maker_exit,informed_skip.fill_only.fee_round_trip_shortfall_bps@5_maker_exit,informed_skip.fill_only.required_half_spread_bps@5_maker_exit,informed_skip.fill_only.required_maker_rebate_bps_per_side@5_maker_exit,informed_skip.fill_only.signif_suppressed@5,informed_skip.fill_only.adverse_sel_bps@15,informed_skip.fill_only.adverse_sel_median_bps@15,informed_skip.fill_only.edge_before_fees_bps@15,informed_skip.fill_only.net_bps@15_maker_exit,informed_skip.fill_only.net_bps@15_taker_exit,informed_skip.fill_only.break_even_fee_round_trip_bps@15_maker_exit,informed_skip.fill_only.break_even_maker_fee_bps_per_side@15_maker_exit,informed_skip.fill_only.fee_round_trip_shortfall_bps@15_maker_exit,informed_skip.fill_only.required_half_spread_bps@15_maker_exit,informed_skip.fill_only.required_maker_rebate_bps_per_side@15_maker_exit,informed_skip.fill_only.signif_suppressed@15,informed_skip.fill_only.adverse_sel_bps@30,informed_skip.fill_only.adverse_sel_median_bps@30,informed_skip.fill_only.edge_before_fees_bps@30,informed_skip.fill_only.net_bps@30_maker_exit,informed_skip.fill_only.net_bps@30_taker_exit,informed_skip.fill_only.break_even_fee_round_trip_bps@30_maker_exit,informed_skip.fill_only.break_even_maker_fee_bps_per_side@30_maker_exit,informed_skip.fill_only.fee_round_trip_shortfall_bps@30_maker_exit,informed_skip.fill_only.required_half_spread_bps@30_maker_exit,informed_skip.fill_only.required_maker_rebate_bps_per_side@30_maker_exit,informed_skip.fill_only.signif_suppressed@30,informed_skip.adverse_through_only.n,informed_skip.adverse_through_only.half_spread_bps,informed_skip.adverse_through_only.adverse_sel_bps@5,informed_skip.adverse_through_only.adverse_sel_median_bps@5,informed_skip.adverse_through_only.edge_before_fees_bps@5,informed_skip.adverse_through_only.net_bps@5_maker_exit,informed_skip.adverse_through_only.net_bps@5_taker_exit,informed_skip.adverse_through_only.break_even_fee_round_trip_bps@5_maker_exit,informed_skip.adverse_through_only.break_even_maker_fee_bps_per_side@5_maker_exit,informed_skip.adverse_through_only.fee_round_trip_shortfall_bps@5_maker_exit,informed_skip.adverse_through_only.required_half_spread_bps@5_maker_exit,informed_skip.adverse_through_only.required_maker_rebate_bps_per_side@5_maker_exit,informed_skip.adverse_through_only.signif_suppressed@5,informed_skip.adverse_through_only.adverse_sel_bps@15,informed_skip.adverse_through_only.adverse_sel_median_bps@15,informed_skip.adverse_through_only.edge_before_fees_bps@15,informed_skip.adverse_through_only.net_bps@15_maker_exit,informed_skip.adverse_through_only.net_bps@15_taker_exit,informed_skip.adverse_through_only.break_even_fee_round_trip_bps@15_maker_exit,informed_skip.adverse_through_only.break_even_maker_fee_bps_per_side@15_maker_exit,informed_skip.adverse_through_only.fee_round_trip_shortfall_bps@15_maker_exit,informed_skip.adverse_through_only.required_half_spread_bps@15_maker_exit,informed_skip.adverse_through_only.required_maker_rebate_bps_per_side@15_maker_exit,informed_skip.adverse_through_only.signif_suppressed@15,informed_skip.adverse_through_only.adverse_sel_bps@30,informed_skip.adverse_through_only.adverse_sel_median_bps@30,informed_skip.adverse_through_only.edge_before_fees_bps@30,informed_skip.adverse_through_only.net_bps@30_maker_exit,informed_skip.adverse_through_only.net_bps@30_taker_exit,informed_skip.adverse_through_only.break_even_fee_round_trip_bps@30_maker_exit,informed_skip.adverse_through_only.break_even_maker_fee_bps_per_side@30_maker_exit,informed_skip.adverse_through_only.fee_round_trip_shortfall_bps@30_maker_exit,informed_skip.adverse_through_only.required_half_spread_bps@30_maker_exit,informed_skip.adverse_through_only.required_maker_rebate_bps_per_side@30_maker_exit,informed_skip.adverse_through_only.signif_suppressed@30,informed_skip.net_per_quoting_hour_usd_units@5_maker_fill_only,informed_skip.net_per_quoting_hour_usd_units@15_maker_fill_only,informed_skip.net_per_quoting_hour_usd_units@30_maker_fill_only
TRXUSDT,253215,21418,103678,64918,64918,1.0,0.6262,31533,31533,64918,-0.035,4.427,0.2,-4.463,-8.463,-11.963,-4.463,-2.231,8.463,8.427,2.231,False,4.492,0.309,-4.527,-8.527,-12.027,-4.527,-2.264,8.527,8.492,2.264,False,4.527,0.486,-4.563,-8.563,-12.063,-4.563,-2.281,8.563,8.527,2.281,False,33385,0.154,0.27,0.0,-0.116,-4.116,-7.616,-0.116,-0.058,4.116,4.27,0.058,False,0.304,0.002,-0.15,-4.15,-7.65,-0.15,-0.075,4.15,4.304,0.075,False,0.307,0.014,-0.153,-4.153,-7.653,-0.153,-0.077,4.153,4.307,0.077,False,31533,-0.236,8.828,1.876,-9.064,-13.064,-16.564,-9.064,-4.532,13.064,12.828,4.532,False,8.926,2.427,-9.161,-13.161,-16.661,-9.161,-4.581,13.161,12.926,4.581,False,8.995,2.789,-9.231,-13.231,-16.731,-9.231,-4.616,13.231,12.995,4.616,False,-1908.509,-1924.274,-1925.665,82260,49724,49724,1.0,0.6045,25631,25631,49724,-0.028,5.632,0.309,-5.66,-9.66,-13.16,-5.66,-2.83,9.66,9.632,2.83,False,5.691,0.5,-5.718,-9.718,-13.218,-5.718,-2.859,9.718,9.691,2.859,False,5.719,0.63,-5.747,-9.747,-13.247,-5.747,-2.873,9.747,9.719,2.873,False,24093,0.154,0.266,0.0,-0.112,-4.112,-7.612,-0.112,-0.056,4.112,4.266,0.056,False,0.301,0.001,-0.147,-4.147,-7.647,-0.147,-0.073,4.147,4.301,0.073,False,0.298,0.012,-0.144,-4.144,-7.644,-0.144,-0.072,4.144,4.298,0.072,False,25631,-0.198,10.676,7.995,-10.875,-14.875,-18.375,-10.875,-5.437,14.875,14.676,5.437,False,10.757,7.995,-10.956,-14.956,-18.456,-10.956,-5.478,14.956,14.757,5.478,False,10.814,7.995,-11.013,-15.013,-18.513,-11.013,-5.506,15.013,14.814,5.506,False,-1375.978,-1387.69,-1386.686
BTCUSDT,2394551,16443,103680,63487,63487,1.0,0.6123,25028,25028,63487,-0.029,9.134,0.0,-9.163,-13.163,-16.663,-9.163,-4.582,13.163,13.134,4.582,False,9.178,0.0,-9.207,-13.207,-16.707,-9.207,-4.604,13.207,13.178,4.604,False,9.004,0.0,-9.033,-13.033,-16.533,-9.033,-4.516,13.033,13.004,4.516,False,38459,0.008,0.003,0.0,0.005,-3.995,-7.495,0.005,0.002,3.995,4.003,0.0,False,0.003,0.0,0.005,-3.995,-7.495,0.005,0.003,3.995,4.003,0.0,False,0.003,0.0,0.005,-3.995,-7.495,0.005,0.002,3.995,4.003,0.0,False,25028,-0.085,23.166,9.647,-23.251,-27.251,-30.751,-23.251,-11.626,27.251,27.166,11.626,False,23.278,9.647,-23.363,-27.363,-30.863,-23.363,-11.682,27.363,27.278,11.682,False,22.834,7.873,-22.92,-26.92,-30.42,-22.92,-11.46,26.92,26.834,11.46,False,-2133.94,-2133.94,-2133.94,87237,52729,52729,1.0,0.6044,22395,22395,52729,-0.026,10.997,0.0,-11.024,-15.024,-18.524,-11.024,-5.512,15.024,14.997,5.512,False,11.05,0.0,-11.077,-15.077,-18.577,-11.077,-5.538,15.077,15.05,5.538,False,10.84,0.0,-10.866,-14.866,-18.366,-10.866,-5.433,14.866,14.84,5.433,False,30334,0.008,0.004,0.0,0.004,-3.996,-7.496,0.004,0.002,3.996,4.004,0.0,False,0.003,0.0,0.005,-3.995,-7.495,0.005,0.002,3.995,4.003,0.0,False,0.003,0.0,0.005,-3.995,-7.495,0.005,0.002,3.995,4.003,0.0,False,22395,-0.073,25.888,9.647,-25.961,-29.961,-33.461,-25.961,-12.981,29.961,29.888,12.981,False,26.013,9.647,-26.086,-30.086,-33.586,-26.086,-13.043,30.086,30.013,13.043,False,25.518,7.873,-25.591,-29.591,-33.091,-25.591,-12.795,29.591,29.518,12.795,False,-1683.537,-1683.116,-1683.116
SOLUSDT,1797634,16843,103680,61840,61840,1.0,0.5965,28915,28915,61840,0.26,0.871,0.0,-0.611,-4.611,-8.111,-0.611,-0.306,4.611,4.871,0.306,False,0.866,0.265,-0.607,-4.607,-8.107,-0.607,-0.303,4.607,4.866,0.303,False,0.967,0.337,-0.707,-4.707,-8.207,-0.707,-0.354,4.707,4.967,0.354,False,32925,0.613,0.463,0.0,0.15,-3.85,-7.35,0.15,0.075,3.85,4.463,0.0,False,0.483,0.257,0.13,-3.87,-7.37,0.13,0.065,3.87,4.483,0.0,False,0.476,0.353,0.137,-3.863,-7.363,0.137,0.069,3.863,4.476,0.0,False,28915,-0.143,1.336,0.215,-1.478,-5.478,-8.978,-1.478,-0.739,5.478,5.336,0.739,False,1.303,0.277,-1.445,-5.445,-8.945,-1.445,-0.723,5.445,5.303,0.723,False,1.526,0.3,-1.669,-5.669,-9.169,-1.669,-0.834,5.669,5.526,0.834,False,-1760.573,-1769.719,-1766.518,86837,51179,51179,1.0,0.5894,25433,25433,51179,0.245,0.965,0.012,-0.721,-4.721,-8.221,-0.721,-0.36,4.721,4.965,0.36,False,0.961,0.28,-0.716,-4.716,-8.216,-0.716,-0.358,4.716,4.961,0.358,False,1.092,0.37,-0.847,-4.847,-8.347,-0.847,-0.423,4.847,5.092,0.423,False,25746,0.613,0.471,0.0,0.142,-3.858,-7.358,0.142,0.071,3.858,4.471,0.0,False,0.492,0.266,0.121,-3.879,-7.379,0.121,0.061,3.879,4.492,0.0,False,0.497,0.384,0.116,-3.884,-7.384,0.116,0.058,3.884,4.497,0.0,False,25433,-0.128,1.466,0.248,-1.594,-5.594,-9.094,-1.594,-0.797,5.594,5.466,0.797,False,1.435,0.304,-1.563,-5.563,-9.063,-1.563,-0.782,5.563,5.435,0.782,False,1.694,0.349,-1.822,-5.822,-9.322,-1.822,-0.911,5.822,5.694,0.911,False,-1379.557,-1387.066,-1388.854
XRPUSDT,1875217,16779,103680,61522,61522,1.0,0.5934,29487,29487,61522,-4.627,4.605,0.874,-9.232,-13.232,-16.732,-9.232,-4.616,13.232,8.605,4.616,False,4.891,1.08,-9.518,-13.518,-17.018,-9.518,-4.759,13.518,8.891,4.759,False,4.51,1.42,-9.137,-13.137,-16.637,-9.137,-4.569,13.137,8.51,4.569,False,32035,0.441,0.482,0.0,-0.04,-4.04,-7.54,-0.04,-0.02,4.04,4.482,0.02,False,0.49,0.287,-0.048,-4.048,-7.548,-0.048,-0.024,4.048,4.49,0.024,False,0.49,0.343,-0.049,-4.049,-7.549,-0.049,-0.024,4.049,4.49,0.024,False,29487,-10.133,9.085,2.61,-19.218,-23.218,-26.718,-19.218,-9.609,23.218,13.085,9.609,False,9.672,2.656,-19.806,-23.806,-27.306,-19.806,-9.903,23.806,13.672,9.903,False,8.878,2.656,-19.011,-23.011,-26.511,-19.011,-9.505,23.011,12.878,9.505,False,-1797.52,-1801.079,-1801.524,86901,51002,51002,1.0,0.5869,25853,25853,51002,-5.623,5.458,0.882,-11.081,-15.081,-18.581,-11.081,-5.541,15.081,9.458,5.541,False,5.802,1.346,-11.425,-15.425,-18.925,-11.425,-5.712,15.425,9.802,5.712,False,5.343,1.753,-10.967,-14.967,-18.467,-10.967,-5.483,14.967,9.343,5.483,False,25149,0.441,0.489,0.0,-0.047,-4.047,-7.547,-0.047,-0.024,4.047,4.489,0.024,False,0.508,0.289,-0.066,-4.066,-7.566,-0.066,-0.033,4.066,4.508,0.033,False,0.506,0.37,-0.064,-4.064,-7.564,-0.064,-0.032,4.064,4.506,0.032,False,25853,-11.523,10.292,2.656,-21.814,-25.814,-29.314,-21.814,-10.907,25.814,14.292,10.907,False,10.952,2.656,-22.474,-26.474,-29.974,-22.474,-11.237,26.474,14.952,11.237,False,10.05,2.656,-21.572,-25.572,-29.072,-21.572,-10.786,25.572,14.05,10.786,False,-1413.583,-1420.22,-1419.521
ADAUSDT,1652441,21699,103680,60936,60936,1.0,0.5877,28638,28638,60936,-60.954,21.938,0.0,-82.892,-86.892,-90.392,-82.892,-41.446,86.892,25.938,41.446,False,21.381,0.618,-82.335,-86.335,-89.835,-82.335,-41.168,86.335,25.381,41.168,False,20.275,0.954,-81.229,-85.229,-88.729,-81.229,-40.615,85.229,24.275,40.615,False,32298,2.78,1.879,0.155,0.901,-3.099,-6.599,0.901,0.451,3.099,5.879,0.0,False,1.965,1.007,0.815,-3.185,-6.685,0.815,0.408,3.185,5.965,0.0,False,1.933,1.338,0.847,-3.153,-6.653,0.847,0.423,3.153,5.933,0.0,False,28638,-132.833,44.562,0.0,-177.395,-181.395,-184.895,-177.395,-88.698,181.395,48.562,88.698,False,43.279,0.0,-176.113,-180.113,-183.613,-176.113,-88.056,180.113,47.279,88.056,False,40.961,0.0,-173.794,-177.794,-181.294,-173.794,-86.897,177.794,44.961,86.897,False,-1390.16,-1428.738,-1414.383,81981,47402,47402,1.0,0.5782,24236,24236,47402,-78.778,27.783,0.0,-106.561,-110.561,-114.061,-106.561,-53.281,110.561,31.783,53.281,False,27.077,0.563,-105.855,-109.855,-113.355,-105.855,-52.928,109.855,31.077,52.928,False,25.663,0.932,-104.442,-108.442,-111.942,-104.442,-52.221,108.442,29.663,52.221,False,23166,2.78,1.915,0.126,0.865,-3.135,-6.635,0.865,0.432,3.135,5.915,0.0,False,1.999,0.969,0.781,-3.219,-6.719,0.781,0.391,3.219,5.999,0.0,False,1.975,1.338,0.805,-3.195,-6.695,0.805,0.402,3.195,5.975,0.0,False,24236,-156.736,52.508,0.0,-209.244,-213.244,-216.744,-209.244,-104.622,213.244,56.508,104.622,False,51.048,0.0,-207.784,-211.784,-215.284,-207.784,-103.892,211.784,55.048,103.892,False,48.306,0.0,-205.042,-209.042,-212.542,-205.042,-102.521,209.042,52.306,102.521,False,-1008.686,-1035.713,-1027.991
ETHUSDT,2417013,16926,103680,59917,59917,1.0,0.5779,29605,29605,59917,-6.748,0.346,0.114,-7.093,-11.093,-14.593,-7.093,-3.547,11.093,4.346,3.547,False,0.177,0.14,-6.925,-10.925,-14.425,-6.925,-3.463,10.925,4.177,3.463,False,0.022,0.144,-6.769,-10.769,-14.269,-6.769,-3.385,10.769,4.022,3.385,False,30312,0.028,0.231,0.056,-0.202,-4.202,-7.702,-0.202,-0.101,4.202,4.231,0.101,False,0.208,0.138,-0.18,-4.18,-7.68,-0.18,-0.09,4.18,4.208,0.09,False,0.18,0.16,-0.151,-4.151,-7.651,-0.151,-0.076,4.151,4.18,0.076,False,29605,-13.686,0.464,0.224,-14.149,-18.149,-21.649,-14.149,-7.075,18.149,4.464,7.075,False,0.146,0.146,-13.832,-17.832,-21.332,-13.832,-6.916,17.832,4.146,6.916,False,-0.14,0.109,-13.546,-17.546,-21.046,-13.546,-6.773,17.546,3.86,6.773,False,-1769.042,-1759.78,-1747.571,86754,49712,49712,1.0,0.573,25924,25924,49712,-8.116,0.374,0.116,-8.49,-12.49,-15.99,-8.49,-4.245,12.49,4.374,4.245,False,0.179,0.151,-8.295,-12.295,-15.795,-8.295,-4.147,12.295,4.179,4.147,False,-0.001,0.159,-8.115,-12.115,-15.615,-8.115,-4.057,12.115,3.999,4.057,False,23788,0.028,0.239,0.057,-0.21,-4.21,-7.71,-0.21,-0.105,4.21,4.239,0.105,False,0.219,0.156,-0.191,-4.191,-7.691,-0.191,-0.095,4.191,4.219,0.095,False,0.196,0.174,-0.168,-4.168,-7.668,-0.168,-0.084,4.168,4.196,0.084,False,25924,-15.589,0.499,0.225,-16.088,-20.088,-23.588,-16.088,-8.044,20.088,4.499,8.044,False,0.142,0.142,-15.731,-19.731,-23.231,-15.731,-7.865,19.731,4.142,7.865,False,-0.182,0.113,-15.406,-19.406,-22.906,-15.406,-7.703,19.406,3.818,7.703,False,-1390.937,-1384.66,-1377.061
DOGEUSDT,1531758,21497,103680,58718,58718,1.0,0.5663,30823,30823,58718,-8.567,0.692,0.49,-9.259,-13.259,-16.759,-9.259,-4.63,13.259,4.692,4.63,False,0.45,0.635,-9.017,-13.017,-16.517,-9.017,-4.509,13.017,4.45,4.509,False,0.615,0.66,-9.183,-13.183,-16.683,-9.183,-4.591,13.183,4.615,4.591,False,27895,0.651,0.708,0.4,-0.058,-4.058,-7.558,-0.058,-0.029,4.058,4.708,0.029,False,0.754,0.612,-0.103,-4.103,-7.603,-0.103,-0.052,4.103,4.754,0.052,False,0.784,0.674,-0.133,-4.133,-7.633,-0.133,-0.066,4.133,4.784,0.066,False,30823,-16.91,0.677,0.634,-17.587,-21.587,-25.087,-17.587,-8.793,21.587,4.677,8.793,False,0.174,0.675,-17.084,-21.084,-24.584,-17.084,-8.542,21.084,4.174,8.542,False,0.463,0.645,-17.373,-21.373,-24.873,-17.373,-8.686,21.373,4.463,8.686,False,-1572.193,-1589.628,-1601.251,82183,45722,45722,1.0,0.5563,25789,25789,45722,-11.103,0.683,0.474,-11.786,-15.786,-19.286,-11.786,-5.893,15.786,4.683,5.893,False,0.339,0.612,-11.442,-15.442,-18.942,-11.442,-5.721,15.442,4.339,5.721,False,0.538,0.63,-11.641,-15.641,-19.141,-11.641,-5.82,15.641,4.538,5.82,False,19933,0.651,0.702,0.403,-0.052,-4.052,-7.552,-0.052,-0.026,4.052,4.702,0.026,False,0.723,0.599,-0.072,-4.072,-7.572,-0.072,-0.036,4.072,4.723,0.036,False,0.745,0.658,-0.094,-4.094,-7.594,-0.094,-0.047,4.094,4.745,0.047,False,25789,-20.188,0.668,0.597,-20.855,-24.855,-28.355,-20.855,-10.428,24.855,4.668,10.428,False,0.042,0.635,-20.23,-24.23,-27.73,-20.23,-10.115,24.23,4.042,10.115,False,0.378,0.59,-20.565,-24.565,-28.065,-20.565,-10.283,24.565,4.378,10.283,False,-1121.785,-1127.322,-1133.413
BNBUSDT,649967,14557,103680,58098,58098,1.0,0.5604,34359,34359,58098,-11.887,0.429,0.0,-12.316,-16.316,-19.816,-12.316,-6.158,16.316,4.429,6.158,False,0.308,0.0,-12.195,-16.195,-19.695,-12.195,-6.098,16.195,4.308,6.098,False,0.323,0.0,-12.21,-16.21,-19.71,-12.21,-6.105,16.21,4.323,6.105,False,23739,0.87,0.759,0.347,0.112,-3.888,-7.388,0.112,0.056,3.888,4.759,0.0,False,0.875,0.72,-0.005,-4.005,-7.505,-0.005,-0.002,4.005,4.875,0.002,False,0.885,0.798,-0.014,-4.014,-7.514,-0.014,-0.007,4.014,4.885,0.007,False,34359,-20.701,0.202,0.0,-20.903,-24.903,-28.403,-20.903,-10.452,24.903,4.202,10.452,False,-0.083,-0.602,-20.618,-24.618,-28.118,-20.618,-10.309,24.618,3.917,10.309,False,-0.065,-0.998,-20.636,-24.636,-28.136,-20.636,-10.318,24.636,3.935,10.318,False,-1281.906,-1320.482,-1323.449,89123,49399,49399,1.0,0.5543,30285,30285,49399,-14.043,0.37,0.0,-14.413,-18.413,-21.913,-14.413,-7.206,18.413,4.37,7.206,False,0.207,0.0,-14.25,-18.25,-21.75,-14.25,-7.125,18.25,4.207,7.125,False,0.22,-0.023,-14.263,-18.263,-21.763,-14.263,-7.131,18.263,4.22,7.131,False,19114,0.871,0.761,0.339,0.11,-3.89,-7.39,0.11,0.055,3.89,4.761,0.0,False,0.879,0.712,-0.008,-4.008,-7.508,-0.008,-0.004,4.008,4.879,0.004,False,0.882,0.795,-0.011,-4.011,-7.511,-0.011,-0.006,4.011,4.882,0.006,False,30285,-23.455,0.123,0.0,-23.579,-27.579,-31.079,-23.579,-11.789,27.579,4.123,11.789,False,-0.216,-1.163,-23.239,-27.239,-30.739,-23.239,-11.62,27.239,3.784,11.62,False,-0.198,-1.739,-23.258,-27.258,-30.758,-23.258,-11.629,27.258,3.802,11.629,False,-1032.687,-1064.013,-1064.809
BCHUSDT,761673,14459,103680,57087,57087,1.0,0.5506,32301,32301,57087,-41.201,1.153,0.0,-42.354,-46.354,-49.854,-42.354,-21.177,46.354,5.153,21.177,False,1.229,0.0,-42.43,-46.43,-49.93,-42.43,-21.215,46.43,5.229,21.215,False,0.347,0.0,-41.548,-45.548,-49.048,-41.548,-20.774,45.548,4.347,20.774,False,24786,2.161,2.28,1.855,-0.119,-4.119,-7.619,-0.119,-0.06,4.119,6.28,0.06,False,2.444,2.251,-0.283,-4.283,-7.783,-0.283,-0.141,4.283,6.444,0.141,False,2.504,2.174,-0.343,-4.343,-7.843,-0.343,-0.172,4.343,6.504,0.172,False,32301,-74.475,0.288,0.0,-74.763,-78.763,-82.263,-74.763,-37.381,78.763,4.288,37.381,False,0.297,0.0,-74.772,-78.772,-82.272,-74.772,-37.386,78.772,4.297,37.386,False,-1.309,0.0,-73.165,-77.165,-80.665,-73.165,-36.583,77.165,2.691,36.583,False,-1417.966,-1474.423,-1495.078,89221,48759,48759,1.0,0.5465,28636,28636,48759,-48.42,0.977,0.0,-49.398,-53.398,-56.898,-49.398,-24.699,53.398,4.977,24.699,False,1.052,0.0,-49.473,-53.473,-56.973,-49.473,-24.736,53.473,5.052,24.736,False,0.003,0.0,-48.423,-52.423,-55.923,-48.423,-24.212,52.423,4.003,24.212,False,20123,2.163,2.251,1.811,-0.089,-4.089,-7.589,-0.089,-0.044,4.089,6.251,0.044,False,2.412,2.217,-0.249,-4.249,-7.749,-0.249,-0.124,4.249,6.412,0.124,False,2.461,2.157,-0.298,-4.298,-7.798,-0.298,-0.149,4.298,6.461,0.149,False,28636,-83.966,0.082,0.0,-84.048,-88.048,-91.548,-84.048,-42.024,88.048,4.082,42.024,False,0.097,0.0,-84.063,-88.063,-91.563,-84.063,-42.032,88.063,4.097,42.032,False,-1.725,0.0,-82.241,-86.241,-89.741,-82.241,-41.121,86.241,2.275,41.121,False,-1142.819,-1187.537,-1201.231
LTCUSDT,661599,14114,103680,56608,56608,1.0,0.546,36926,36926,56608,-9.456,8.131,0.77,-17.587,-21.587,-25.087,-17.587,-8.793,21.587,12.131,8.793,False,7.701,1.0,-17.157,-21.157,-24.657,-17.157,-8.579,21.157,11.701,8.579,False,7.973,1.101,-17.429,-21.429,-24.929,-17.429,-8.714,21.429,11.973,8.714,False,19682,1.124,1.236,0.742,-0.112,-4.112,-7.612,-0.112,-0.056,4.112,5.236,0.056,False,1.345,1.02,-0.221,-4.221,-7.721,-0.221,-0.111,4.221,5.345,0.111,False,1.372,1.138,-0.248,-4.248,-7.748,-0.248,-0.124,4.248,5.372,0.124,False,36926,-15.095,11.806,0.782,-26.902,-30.902,-34.402,-26.902,-13.451,30.902,15.806,13.451,False,11.089,0.981,-26.184,-30.184,-33.684,-26.184,-13.092,30.184,15.089,13.092,False,11.491,1.059,-26.587,-30.587,-34.087,-26.587,-13.293,30.587,15.491,13.293,False,-1124.061,-1153.857,-1161.238,89566,48493,48493,1.0,0.5414,32445,32445,48493,-11.089,9.291,0.742,-20.38,-24.38,-27.88,-20.38,-10.19,24.38,13.291,10.19,False,8.772,0.996,-19.861,-23.861,-27.361,-19.861,-9.931,23.861,12.772,9.931,False,9.087,1.102,-20.176,-24.176,-27.676,-20.176,-10.088,24.176,13.087,10.088,False,16048,1.125,1.24,0.716,-0.115,-4.115,-7.615,-0.115,-0.058,4.115,5.24,0.058,False,1.356,1.028,-0.232,-4.232,-7.732,-0.232,-0.116,4.232,5.356,0.116,False,1.388,1.151,-0.264,-4.264,-7.764,-0.264,-0.132,4.264,5.388,0.132,False,32445,-17.13,13.273,0.77,-30.403,-34.403,-37.903,-30.403,-15.202,34.403,17.273,15.202,False,12.44,0.959,-29.571,-33.571,-37.071,-29.571,-14.785,33.571,16.44,14.785,False,12.895,1.062,-30.026,-34.026,-37.526,-30.026,-15.013,34.026,16.895,15.013,False,-917.188,-943.266,-950.398
AVAXUSDT,617015,15341,103680,56554,56554,1.0,0.5455,37120,37120,56554,-16.425,0.467,0.0,-16.892,-20.892,-24.392,-16.892,-8.446,20.892,4.467,8.446,False,0.332,0.0,-16.757,-20.757,-24.257,-16.757,-8.379,20.757,4.332,8.379,False,0.334,-0.352,-16.76,-20.76,-24.26,-16.76,-8.38,20.76,4.334,8.38,False,19434,0.726,0.86,0.515,-0.134,-4.134,-7.634,-0.134,-0.067,4.134,4.86,0.067,False,0.908,0.783,-0.183,-4.183,-7.683,-0.183,-0.091,4.183,4.908,0.091,False,0.899,0.817,-0.173,-4.173,-7.673,-0.173,-0.087,4.173,4.899,0.087,False,37120,-25.404,0.261,0.0,-25.666,-29.666,-33.166,-25.666,-12.833,29.666,4.261,12.833,False,0.031,-0.88,-25.435,-29.435,-32.935,-25.435,-12.718,29.435,4.031,12.718,False,0.039,-1.436,-25.443,-29.443,-32.943,-25.443,-12.722,29.443,4.039,12.722,False,-1115.836,-1129.061,-1126.362,88339,47719,47719,1.0,0.5402,32285,32285,47719,-19.499,0.409,0.0,-19.907,-23.907,-27.407,-19.907,-9.954,23.907,4.409,9.954,False,0.246,-0.123,-19.745,-23.745,-27.245,-19.745,-9.872,23.745,4.246,9.872,False,0.251,-0.673,-19.75,-23.75,-27.25,-19.75,-9.875,23.75,4.251,9.875,False,15434,0.726,0.866,0.503,-0.14,-4.14,-7.64,-0.14,-0.07,4.14,4.866,0.07,False,0.931,0.805,-0.205,-4.205,-7.705,-0.205,-0.102,4.205,4.931,0.102,False,0.929,0.883,-0.203,-4.203,-7.703,-0.203,-0.101,4.203,4.929,0.101,False,32285,-29.167,0.19,0.0,-29.357,-33.357,-36.857,-29.357,-14.679,33.357,4.19,14.679,False,-0.081,-1.436,-29.086,-33.086,-36.586,-29.086,-14.543,33.086,3.919,14.543,False,-0.073,-1.436,-29.094,-33.094,-36.594,-29.094,-14.547,33.094,3.927,14.547,False,-887.455,-901.389,-900.96
SUIUSDT,775308,21934,103680,56504,56504,1.0,0.545,38301,38301,56504,-1.705,0.326,0.0,-2.032,-6.032,-9.532,-2.032,-1.016,6.032,4.326,1.016,False,0.232,-0.087,-1.937,-5.937,-9.437,-1.937,-0.969,5.937,4.232,0.969,False,0.103,-0.514,-1.809,-5.809,-9.309,-1.809,-0.904,5.809,4.103,0.904,False,18203,0.663,0.799,0.473,-0.137,-4.137,-7.637,-0.137,-0.068,4.137,4.799,0.068,False,0.835,0.677,-0.173,-4.173,-7.673,-0.173,-0.086,4.173,4.835,0.086,False,0.809,0.689,-0.146,-4.146,-7.646,-0.146,-0.073,4.146,4.809,0.073,False,38301,-2.831,0.102,-0.334,-2.932,-6.932,-10.432,-2.932,-1.466,6.932,4.102,1.466,False,-0.055,-1.048,-2.776,-6.776,-10.276,-2.776,-1.388,6.776,3.945,1.388,False,-0.232,-1.611,-2.599,-6.599,-10.099,-2.599,-1.299,6.599,3.768,1.299,False,-1045.914,-1055.016,-1048.189,81746,43892,43892,1.0,0.5369,30909,30909,43892,-2.229,0.207,0.0,-2.435,-6.435,-9.935,-2.435,-1.218,6.435,4.207,1.218,False,0.052,-0.598,-2.281,-6.281,-9.781,-2.281,-1.14,6.281,4.052,1.14,False,-0.128,-1.194,-2.101,-6.101,-9.601,-2.101,-1.05,6.101,3.872,1.05,False,12983,0.663,0.785,0.454,-0.122,-4.122,-7.622,-0.122,-0.061,4.122,4.785,0.061,False,0.824,0.686,-0.162,-4.162,-7.662,-0.162,-0.081,4.162,4.824,0.081,False,0.8,0.682,-0.137,-4.137,-7.637,-0.137,-0.069,4.137,4.8,0.069,False,30909,-3.443,-0.036,-1.171,-3.407,-7.407,-10.907,-3.407,-1.704,7.407,3.964,1.704,False,-0.273,-1.348,-3.171,-7.171,-10.671,-3.171,-1.585,7.171,3.727,1.585,False,-0.518,-2.623,-2.925,-6.925,-10.425,-2.925,-1.463,6.925,3.482,1.463,False,-743.277,-750.49,-745.982
LINKUSDT,714549,15600,103680,56362,56362,1.0,0.5436,36362,36362,56362,-0.745,6.229,0.635,-6.974,-10.974,-14.474,-6.974,-3.487,10.974,10.229,3.487,False,6.031,0.66,-6.776,-10.776,-14.276,-6.776,-3.388,10.776,10.031,3.388,False,6.419,1.27,-7.164,-11.164,-14.664,-7.164,-3.582,11.164,10.419,3.582,False,20000,0.631,0.712,0.491,-0.081,-4.081,-7.581,-0.081,-0.04,4.081,4.712,0.04,False,0.817,0.684,-0.186,-4.186,-7.686,-0.186,-0.093,4.186,4.817,0.093,False,0.819,0.738,-0.188,-4.188,-7.688,-0.188,-0.094,4.188,4.819,0.094,False,36362,-1.502,9.263,0.635,-10.765,-14.765,-18.265,-10.765,-5.382,14.765,13.263,5.382,False,8.898,0.635,-10.4,-14.4,-17.9,-10.4,-5.2,14.4,12.898,5.2,False,9.499,1.27,-11.001,-15.001,-18.501,-11.001,-5.5,15.001,13.499,5.5,False,-1133.611,-1162.778,-1163.333,88080,47434,47434,1.0,0.5385,31506,31506,47434,-0.912,7.277,0.635,-8.189,-12.189,-15.689,-8.189,-4.094,12.189,11.277,4.094,False,7.016,0.66,-7.928,-11.928,-15.428,-7.928,-3.964,11.928,11.016,3.964,False,7.462,1.27,-8.373,-12.373,-15.873,-8.373,-4.187,12.373,11.462,4.187,False,15928,0.631,0.705,0.484,-0.074,-4.074,-7.574,-0.074,-0.037,4.074,4.705,0.037,False,0.798,0.662,-0.167,-4.167,-7.667,-0.167,-0.083,4.167,4.798,0.083,False,0.797,0.73,-0.166,-4.166,-7.666,-0.166,-0.083,4.166,4.797,0.083,False,31506,-1.691,10.6,0.635,-12.292,-16.292,-19.792,-12.292,-6.146,16.292,14.6,6.146,False,10.16,0.659,-11.851,-15.851,-19.351,-11.851,-5.926,15.851,14.16,5.926,False,10.831,1.27,-12.523,-16.523,-20.023,-12.523,-6.261,16.523,14.831,6.261,False,-901.259,-921.833,-921.612
WLDUSDT,877737,15317,103680,55598,55598,1.0,0.5362,39768,39768,55598,-26.84,15.53,0.385,-42.37,-46.37,-49.87,-42.37,-21.185,46.37,19.53,21.185,False,15.361,3.629,-42.201,-46.201,-49.701,-42.201,-21.101,46.201,19.361,21.101,False,15.361,4.301,-42.201,-46.201,-49.701,-42.201,-21.1,46.201,19.361,21.1,False,15830,1.188,1.562,1.172,-0.374,-4.374,-7.874,-0.374,-0.187,4.374,5.562,0.187,False,1.531,1.361,-0.343,-4.343,-7.843,-0.343,-0.172,4.343,5.531,0.172,False,1.609,1.42,-0.421,-4.421,-7.921,-0.421,-0.21,4.421,5.609,0.21,False,39768,-37.997,21.09,0.0,-59.087,-63.087,-66.587,-59.087,-29.543,63.087,25.09,29.543,False,20.866,4.743,-58.864,-62.864,-66.364,-58.864,-29.432,62.864,24.866,29.432,False,20.835,6.987,-58.832,-62.832,-66.332,-58.832,-29.416,62.832,24.835,29.416,False,-961.673,-954.857,-972.006,88363,47065,47065,1.0,0.5326,34657,34657,47065,-28.607,17.927,0.33,-46.534,-50.534,-54.034,-46.534,-23.267,50.534,21.927,23.267,False,17.833,4.526,-46.44,-50.44,-53.94,-46.44,-23.22,50.44,21.833,23.22,False,17.836,5.093,-46.443,-50.443,-53.943,-46.443,-23.221,50.443,21.836,23.221,False,12408,1.188,1.579,1.147,-0.392,-4.392,-7.892,-0.392,-0.196,4.392,5.579,0.196,False,1.526,1.35,-0.338,-4.338,-7.838,-0.338,-0.169,4.338,5.526,0.169,False,1.677,1.498,-0.49,-4.49,-7.99,-0.49,-0.245,4.49,5.677,0.245,False,34657,-39.274,23.78,0.0,-63.054,-67.054,-70.554,-63.054,-31.527,67.054,27.78,31.527,False,23.671,6.228,-62.945,-66.945,-70.445,-62.945,-31.473,66.945,27.671,31.473,False,23.621,7.064,-62.895,-66.895,-70.395,-62.895,-31.448,66.895,27.621,31.448,False,-756.888,-747.582,-773.777
ICPUSDT,284702,12757,103680,55596,55596,1.0,0.5362,39903,39903,55596,-30.376,1.782,0.316,-32.158,-36.158,-39.658,-32.158,-16.079,36.158,5.782,16.079,False,1.304,0.905,-31.68,-35.68,-39.18,-31.68,-15.84,35.68,5.304,15.84,False,1.345,1.205,-31.721,-35.721,-39.221,-31.721,-15.861,35.721,5.345,15.861,False,15693,2.263,1.97,0.641,0.293,-3.707,-7.207,0.293,0.146,3.707,5.97,0.0,False,2.202,1.285,0.061,-3.939,-7.439,0.061,0.031,3.939,6.202,0.0,False,2.242,1.637,0.02,-3.98,-7.48,0.02,0.01,3.98,6.242,0.0,False,39903,-43.212,1.708,0.081,-44.92,-48.92,-52.42,-44.92,-22.46,48.92,5.708,22.46,False,0.951,0.614,-44.163,-48.163,-51.663,-44.163,-22.082,48.163,4.951,22.082,False,0.992,0.931,-44.204,-48.204,-51.704,-44.204,-22.102,48.204,4.992,22.102,False,-807.972,-858.538,-867.474,90923,48349,48349,1.0,0.5318,35200,35200,48349,-34.993,1.818,0.258,-36.811,-40.811,-44.311,-36.811,-18.406,40.811,5.818,18.406,False,1.258,0.88,-36.251,-40.251,-43.751,-36.251,-18.126,40.251,5.258,18.126,False,1.292,1.194,-36.285,-40.285,-43.785,-36.285,-18.143,40.285,5.292,18.143,False,13149,2.262,1.974,0.55,0.289,-3.711,-7.211,0.289,0.144,3.711,5.974,0.0,False,2.22,1.273,0.042,-3.958,-7.458,0.042,0.021,3.958,6.22,0.0,False,2.256,1.611,0.006,-3.994,-7.494,0.006,0.003,3.994,6.256,0.0,False,35200,-48.91,1.76,0.045,-50.67,-54.67,-58.17,-50.67,-25.335,54.67,5.76,25.335,False,0.899,0.569,-49.809,-53.809,-57.309,-49.809,-24.904,53.809,4.899,24.904,False,0.932,0.913,-49.842,-53.842,-57.342,-49.842,-24.921,53.842,4.932,24.921,False,-677.721,-722.83,-729.404
UNIUSDT,586482,14383,103680,55388,55388,1.0,0.5342,32354,32354,55388,-12.964,2.028,2.305,-14.991,-18.991,-22.491,-14.991,-7.496,18.991,6.028,7.496,False,1.98,2.447,-14.944,-18.944,-22.444,-14.944,-7.472,18.944,5.98,7.472,False,2.336,2.746,-15.299,-19.299,-22.799,-15.299,-7.65,19.299,6.336,7.65,False,23034,1.568,2.797,2.855,-1.229,-5.229,-8.729,-1.229,-0.615,5.229,6.797,0.615,False,2.757,2.986,-1.189,-5.189,-8.689,-1.189,-0.595,5.189,6.757,0.595,False,2.797,3.328,-1.229,-5.229,-8.729,-1.229,-0.615,5.229,6.797,0.615,False,32354,-23.309,1.48,1.895,-24.789,-28.789,-32.289,-24.789,-12.394,28.789,5.48,12.394,False,1.427,2.067,-24.736,-28.736,-32.236,-24.736,-12.368,28.736,5.427,12.368,False,2.007,2.25,-25.316,-29.316,-32.816,-25.316,-12.658,29.316,6.007,12.658,False,-1672.844,-1660.048,-1672.844,89297,47605,47605,1.0,0.5331,27460,27460,47605,-15.152,2.179,2.614,-17.331,-21.331,-24.831,-17.331,-8.665,21.331,6.179,8.665,False,2.123,2.786,-17.276,-21.276,-24.776,-17.276,-8.638,21.276,6.123,8.638,False,2.532,3.12,-17.684,-21.684,-25.184,-17.684,-8.842,21.684,6.532,8.842,False,20145,1.567,2.991,3.092,-1.425,-5.425,-8.925,-1.425,-0.712,5.425,6.991,0.712,False,2.947,3.137,-1.381,-5.381,-8.881,-1.381,-0.69,5.381,6.947,0.69,False,2.982,3.831,-1.415,-5.415,-8.915,-1.415,-0.708,5.415,6.982,0.708,False,27460,-27.418,1.582,2.226,-29.0,-33.0,-36.5,-29.0,-14.5,33.0,5.582,14.5,False,1.519,2.389,-28.937,-32.937,-36.437,-28.937,-14.468,32.937,5.519,14.468,False,2.202,2.556,-29.62,-33.62,-37.12,-29.62,-14.81,33.62,6.202,14.81,False,-1517.87,-1505.559,-1515.072
XAUUSDT,209451,11491,102042,55291,55291,1.0,0.5418,44447,44447,55291,-1.91,1.251,0.001,-3.161,-7.161,-10.661,-3.161,-1.581,7.161,5.251,1.581,False,1.243,0.023,-3.153,-7.153,-10.653,-3.153,-1.577,7.153,5.243,1.577,False,1.484,0.05,-3.394,-7.394,-10.894,-3.394,-1.697,7.394,5.484,1.697,False,10844,0.012,0.136,0.0,-0.124,-4.124,-7.624,-0.124,-0.062,4.124,4.136,0.062,False,0.197,0.0,-0.185,-4.185,-7.685,-0.185,-0.093,4.185,4.197,0.093,False,0.226,0.0,-0.214,-4.214,-7.714,-0.214,-0.107,4.214,4.226,0.107,False,44447,-2.379,1.523,0.634,-3.902,-7.902,-11.402,-3.902,-1.951,7.902,5.523,1.951,False,1.498,0.765,-3.877,-7.877,-11.377,-3.877,-1.939,7.877,5.498,1.939,False,1.79,0.898,-4.17,-8.17,-11.67,-4.17,-2.085,8.17,5.79,2.085,False,-621.12,-630.308,-634.675,90551,48796,48796,1.0,0.5389,39757,39757,48796,-2.08,1.201,0.0,-3.281,-7.281,-10.781,-3.281,-1.641,7.281,5.201,1.641,False,1.19,0.002,-3.271,-7.271,-10.771,-3.271,-1.635,7.271,5.19,1.635,False,1.425,0.008,-3.506,-7.506,-11.006,-3.506,-1.753,7.506,5.425,1.753,False,9039,0.012,0.126,0.0,-0.114,-4.114,-7.614,-0.114,-0.057,4.114,4.126,0.057,False,0.187,0.0,-0.175,-4.175,-7.675,-0.175,-0.088,4.175,4.187,0.088,False,0.213,0.0,-0.201,-4.201,-7.701,-0.201,-0.1,4.201,4.213,0.1,False,39757,-2.556,1.445,0.215,-4.001,-8.001,-11.501,-4.001,-2.001,8.001,5.445,2.001,False,1.419,0.298,-3.975,-7.975,-11.475,-3.975,-1.987,7.975,5.419,1.987,False,1.701,0.31,-4.257,-8.257,-11.757,-4.257,-2.129,8.257,5.701,2.129,False,-516.478,-524.136,-527.401
DOTUSDT,463884,14317,103680,54907,54907,1.0,0.5296,41033,41033,54907,-3.569,13.809,0.814,-17.378,-21.378,-24.878,-17.378,-8.689,21.378,17.809,8.689,False,13.585,1.021,-17.153,-21.153,-24.653,-17.153,-8.577,21.153,17.585,8.577,False,13.776,1.155,-17.345,-21.345,-24.845,-17.345,-8.672,21.345,17.776,8.672,False,13874,0.573,1.08,0.716,-0.507,-4.507,-8.007,-0.507,-0.253,4.507,5.08,0.253,False,1.268,0.975,-0.695,-4.695,-8.195,-0.695,-0.348,4.695,5.268,0.348,False,1.359,1.133,-0.786,-4.786,-8.286,-0.786,-0.393,4.786,5.359,0.393,False,41033,-4.969,18.114,0.867,-23.082,-27.082,-30.582,-23.082,-11.541,27.082,22.114,11.541,False,17.749,1.042,-22.718,-26.718,-30.218,-22.718,-11.359,26.718,21.749,11.359,False,17.975,1.155,-22.944,-26.944,-30.444,-22.944,-11.472,26.944,21.975,11.472,False,-868.474,-904.7,-922.236,89363,46964,46964,1.0,0.5255,35508,35508,46964,-4.165,15.972,0.82,-20.137,-24.137,-27.637,-20.137,-10.069,24.137,19.972,10.069,False,15.667,1.015,-19.832,-23.832,-27.332,-19.832,-9.916,23.832,19.667,9.916,False,15.87,1.155,-20.035,-24.035,-27.535,-20.035,-10.017,24.035,19.87,10.017,False,11456,0.573,1.105,0.738,-0.532,-4.532,-8.032,-0.532,-0.266,4.532,5.105,0.266,False,1.291,0.979,-0.718,-4.718,-8.218,-0.718,-0.359,4.718,5.291,0.359,False,1.382,1.137,-0.809,-4.809,-8.309,-0.809,-0.404,4.809,5.382,0.404,False,35508,-5.694,20.769,0.879,-26.463,-30.463,-33.963,-26.463,-13.231,30.463,24.769,13.231,False,20.306,1.025,-25.999,-29.999,-33.499,-25.999,-13.0,29.999,24.306,13.0,False,20.544,1.155,-26.238,-30.238,-33.738,-26.238,-13.119,30.238,24.544,13.119,False,-721.092,-750.686,-765.165
NEARUSDT,782003,16436,103680,54483,54483,1.0,0.5255,40200,40200,54483,-18.664,1.169,0.733,-19.834,-23.834,-27.334,-19.834,-9.917,23.834,5.169,9.917,False,1.357,1.501,-20.021,-24.021,-27.521,-20.021,-10.011,24.021,5.357,10.011,False,1.351,1.501,-20.016,-24.016,-27.516,-20.016,-10.008,24.016,5.351,10.008,False,14283,0.252,1.132,0.745,-0.88,-4.88,-8.38,-0.88,-0.44,4.88,5.132,0.44,False,1.137,0.95,-0.885,-4.885,-8.385,-0.885,-0.443,4.885,5.137,0.443,False,1.115,0.995,-0.863,-4.863,-8.363,-0.863,-0.431,4.863,5.115,0.431,False,40200,-25.385,1.183,0.725,-26.568,-30.568,-34.068,-26.568,-13.284,30.568,5.183,13.284,False,1.435,1.501,-26.82,-30.82,-34.32,-26.82,-13.41,30.82,5.435,13.41,False,1.436,1.501,-26.821,-30.821,-34.321,-26.821,-13.41,30.821,5.436,13.41,False,-968.07,-969.062,-964.698,87244,45557,45557,1.0,0.5222,34260,34260,45557,-22.288,1.196,0.723,-23.484,-27.484,-30.984,-23.484,-11.742,27.484,5.196,11.742,False,1.418,1.501,-23.706,-27.706,-31.206,-23.706,-11.853,27.706,5.418,11.853,False,1.426,1.501,-23.714,-27.714,-31.214,-23.714,-11.857,27.714,5.426,11.857,False,11297,0.252,1.135,0.741,-0.883,-4.883,-8.383,-0.883,-0.441,4.883,5.135,0.441,False,1.152,0.983,-0.9,-4.9,-8.4,-0.9,-0.45,4.9,5.152,0.45,False,1.095,0.977,-0.843,-4.843,-8.343,-0.843,-0.422,4.843,5.095,0.422,False,34260,-29.721,1.216,0.711,-30.937,-34.937,-38.437,-30.937,-15.468,34.937,5.216,15.468,False,1.506,1.501,-31.226,-35.226,-38.726,-31.226,-15.613,35.226,5.506,15.613,False,1.535,1.501,-31.255,-35.255,-38.755,-31.255,-15.628,35.255,5.535,15.628,False,-766.156,-768.824,-759.88
ZECUSDT,897589,15620,102894,54092,54092,1.0,0.5257,38224,38224,54092,-7.587,1.648,0.219,-9.235,-13.235,-16.735,-9.235,-4.617,13.235,5.648,4.617,False,1.688,0.431,-9.274,-13.274,-16.774,-9.274,-4.637,13.274,5.688,4.637,False,1.628,0.431,-9.215,-13.215,-16.715,-9.215,-4.608,13.215,5.628,4.608,False,15868,0.109,1.142,0.918,-1.033,-5.033,-8.533,-1.033,-0.517,5.033,5.142,0.517,False,1.092,0.947,-0.983,-4.983,-8.483,-0.983,-0.491,4.983,5.092,0.491,False,1.096,1.012,-0.987,-4.987,-8.487,-0.987,-0.493,4.987,5.096,0.493,False,38224,-10.782,1.858,0.0,-12.639,-16.639,-20.139,-12.639,-6.32,16.639,5.858,6.32,False,1.935,0.431,-12.717,-16.717,-20.217,-12.717,-6.358,16.717,5.935,6.358,False,1.849,0.431,-12.631,-16.631,-20.131,-12.631,-6.315,16.631,5.849,6.315,False,-1109.217,-1098.198,-1099.079,87274,45562,45562,1.0,0.5221,33183,33183,45562,-8.045,1.485,0.015,-9.531,-13.531,-17.031,-9.531,-4.765,13.531,5.485,4.765,False,1.544,0.431,-9.589,-13.589,-17.089,-9.589,-4.795,13.589,5.544,4.795,False,1.489,0.431,-9.534,-13.534,-17.034,-9.534,-4.767,13.534,5.489,4.767,False,12379,0.109,1.142,0.96,-1.033,-5.033,-8.533,-1.033,-0.517,5.033,5.142,0.517,False,1.09,0.969,-0.981,-4.981,-8.481,-0.981,-0.49,4.981,5.09,0.49,False,1.069,1.004,-0.96,-4.96,-8.46,-0.96,-0.48,4.96,5.069,0.48,False,33183,-11.087,1.613,-0.533,-12.701,-16.701,-20.201,-12.701,-6.35,16.701,5.613,6.35,False,1.713,0.431,-12.8,-16.8,-20.3,-12.8,-6.4,16.8,5.713,6.4,False,1.646,0.431,-12.733,-16.733,-20.233,-12.733,-6.367,16.733,5.646,6.367,False,-865.327,-856.386,-852.776
HYPEUSDT,1332139,16732,103680,53672,53672,1.0,0.5177,40713,40713,53672,-24.643,0.985,-0.106,-25.628,-29.628,-33.128,-25.628,-12.814,29.628,4.985,12.814,False,0.943,-0.713,-25.586,-29.586,-33.086,-25.586,-12.793,29.586,4.943,12.793,False,0.772,-1.136,-25.415,-29.415,-32.915,-25.415,-12.708,29.415,4.772,12.708,False,12959,0.076,0.786,0.622,-0.711,-4.711,-8.211,-0.711,-0.355,4.711,4.786,0.355,False,0.785,0.681,-0.709,-4.709,-8.209,-0.709,-0.354,4.709,4.785,0.354,False,0.824,0.721,-0.749,-4.749,-8.249,-0.749,-0.374,4.749,4.824,0.374,False,40713,-32.511,1.049,-0.58,-33.559,-37.559,-41.059,-33.559,-16.78,37.559,5.049,16.78,False,0.994,-0.727,-33.504,-37.504,-41.004,-33.504,-16.752,37.504,4.994,16.752,False,0.756,-2.036,-33.267,-37.267,-40.767,-33.267,-16.633,37.267,4.756,16.633,False,-847.915,-847.555,-854.754,86948,44725,44725,1.0,0.5144,34650,34650,44725,-29.443,0.903,-0.339,-30.346,-34.346,-37.846,-30.346,-15.173,34.346,4.903,15.173,False,0.842,-0.727,-30.284,-34.284,-37.784,-30.284,-15.142,34.284,4.842,15.142,False,0.651,-1.679,-30.093,-34.093,-37.593,-30.093,-15.047,34.093,4.651,15.047,False,10075,0.076,0.808,0.661,-0.732,-4.732,-8.232,-0.732,-0.366,4.732,4.808,0.366,False,0.782,0.706,-0.706,-4.706,-8.206,-0.706,-0.353,4.706,4.782,0.353,False,0.859,0.755,-0.783,-4.783,-8.283,-0.783,-0.392,4.783,4.859,0.392,False,34650,-38.025,0.931,-1.018,-38.957,-42.957,-46.457,-38.957,-19.478,42.957,4.931,19.478,False,0.859,-0.727,-38.884,-42.884,-46.384,-38.884,-19.442,42.884,4.859,19.442,False,0.59,-2.036,-38.615,-42.615,-46.115,-38.615,-19.308,42.615,4.59,19.308,False,-662.151,-658.513,-669.288
APTUSDT,667963,14665,103680,53558,53558,1.0,0.5166,42387,42387,53558,-5.55,0.469,0.0,-6.019,-10.019,-13.519,-6.019,-3.01,10.019,4.469,3.01,False,1.182,0.853,-6.732,-10.732,-14.232,-6.732,-3.366,10.732,5.182,3.366,False,0.63,0.908,-6.179,-10.179,-13.679,-6.179,-3.09,10.179,4.63,3.09,False,11171,0.807,1.358,1.232,-0.552,-4.552,-8.052,-0.552,-0.276,4.552,5.358,0.276,False,1.48,1.388,-0.673,-4.673,-8.173,-0.673,-0.337,4.673,5.48,0.337,False,1.466,1.334,-0.659,-4.659,-8.159,-0.659,-0.33,4.659,5.466,0.33,False,42387,-7.225,0.235,0.0,-7.46,-11.46,-14.96,-7.46,-3.73,11.46,4.235,3.73,False,1.103,0.697,-8.328,-12.328,-15.828,-8.328,-4.164,12.328,5.103,4.164,False,0.409,0.762,-7.634,-11.634,-15.134,-7.634,-3.817,11.634,4.409,3.817,False,-706.255,-725.029,-722.857,89015,45850,45850,1.0,0.5151,36556,36556,45850,-6.481,0.4,0.0,-6.881,-10.881,-14.381,-6.881,-3.441,10.881,4.4,3.441,False,1.202,0.85,-7.683,-11.683,-15.183,-7.683,-3.842,11.683,5.202,3.842,False,0.554,0.923,-7.036,-11.036,-14.536,-7.036,-3.518,11.036,4.554,3.518,False,9294,0.806,1.368,1.232,-0.562,-4.562,-8.062,-0.562,-0.281,4.562,5.368,0.281,False,1.519,1.417,-0.713,-4.713,-8.213,-0.713,-0.357,4.713,5.519,0.357,False,1.507,1.391,-0.7,-4.7,-8.2,-0.7,-0.35,4.7,5.507,0.35,False,36556,-8.334,0.154,0.0,-8.488,-12.488,-15.988,-8.488,-4.244,12.488,4.154,4.244,False,1.121,0.68,-9.455,-13.455,-16.955,-9.455,-4.728,13.455,5.121,4.728,False,0.312,0.76,-8.647,-12.647,-16.147,-8.647,-4.323,12.647,4.312,4.323,False,-588.878,-608.37,-606.692
TLMUSDT,1463280,14473,103100,53025,53025,1.0,0.5143,47619,47619,53025,-360.819,202.343,6.608,-563.162,-567.162,-570.662,-563.162,-281.581,567.162,206.343,281.581,False,206.721,8.479,-567.54,-571.54,-575.04,-567.54,-283.77,571.54,210.721,283.77,False,218.684,2.704,-579.503,-583.503,-587.003,-579.503,-289.751,583.503,222.684,289.751,False,5406,1.337,5.065,4.421,-3.728,-7.728,-11.228,-3.728,-1.864,7.728,9.065,1.864,False,5.173,4.402,-3.836,-7.836,-11.336,-3.836,-1.918,7.836,9.173,1.918,False,5.961,5.184,-4.624,-8.624,-12.124,-4.624,-2.312,8.624,9.961,2.312,False,47619,-401.933,224.74,7.157,-626.673,-630.673,-634.173,-626.673,-313.336,630.673,228.74,313.336,False,229.602,9.454,-631.535,-635.535,-639.035,-631.535,-315.767,635.535,233.602,315.767,False,242.833,2.704,-644.766,-648.766,-652.266,-644.766,-322.383,648.766,246.833,322.383,False,-580.244,-588.353,-647.519,88627,45511,45511,1.0,0.5135,41275,41275,45511,-396.105,233.533,7.209,-629.638,-633.638,-637.138,-629.638,-314.819,633.638,237.533,314.819,False,238.443,9.815,-634.548,-638.548,-642.048,-634.548,-317.274,638.548,242.443,317.274,False,252.023,2.704,-648.129,-652.129,-655.629,-648.129,-324.064,652.129,256.023,324.064,False,4236,1.342,5.023,4.646,-3.682,-7.682,-11.182,-3.682,-1.841,7.682,9.023,1.841,False,5.354,4.806,-4.012,-8.012,-11.512,-4.012,-2.006,8.012,9.354,2.006,False,6.134,5.575,-4.793,-8.793,-12.293,-4.793,-2.396,8.793,10.134,2.396,False,41275,-436.895,256.985,7.209,-693.879,-697.879,-701.379,-693.879,-346.94,697.879,260.985,346.94,False,262.365,10.939,-699.259,-703.259,-706.759,-699.259,-349.63,703.259,266.365,349.63,False,277.259,2.281,-714.153,-718.153,-721.653,-714.153,-357.077,718.153,281.259,357.077,False,-451.958,-471.373,-517.322
FILUSDT,312679,13942,103680,52888,52888,1.0,0.5101,44274,44274,52888,-10.171,0.988,0.641,-11.159,-15.159,-18.659,-11.159,-5.579,15.159,4.988,5.579,False,1.768,1.923,-11.939,-15.939,-19.439,-11.939,-5.969,15.939,5.768,5.969,False,1.806,1.923,-11.976,-15.976,-19.476,-11.976,-5.988,15.976,5.806,5.988,False,8614,0.663,1.557,1.253,-0.894,-4.894,-8.394,-0.894,-0.447,4.894,5.557,0.447,False,1.79,1.356,-1.127,-5.127,-8.627,-1.127,-0.563,5.127,5.79,0.563,False,1.813,1.484,-1.15,-5.15,-8.65,-1.15,-0.575,5.15,5.813,0.575,False,44274,-12.279,0.877,0.623,-13.156,-17.156,-20.656,-13.156,-6.578,17.156,4.877,6.578,False,1.764,1.923,-14.042,-18.042,-21.542,-14.042,-7.021,18.042,5.764,7.021,False,1.804,1.923,-14.083,-18.083,-21.583,-14.083,-7.041,18.083,5.804,7.041,False,-585.513,-613.389,-616.14,89738,45625,45625,1.0,0.5084,38512,38512,45625,-11.754,0.98,0.637,-12.734,-16.734,-20.234,-12.734,-6.367,16.734,4.98,6.367,False,1.846,1.923,-13.6,-17.6,-21.1,-13.6,-6.8,17.6,5.846,6.8,False,1.876,1.923,-13.63,-17.63,-21.13,-13.63,-6.815,17.63,5.876,6.815,False,7113,0.659,1.529,1.252,-0.871,-4.871,-8.371,-0.871,-0.435,4.871,5.529,0.435,False,1.756,1.339,-1.097,-5.097,-8.597,-1.097,-0.548,5.097,5.756,0.548,False,1.756,1.432,-1.098,-5.098,-8.598,-1.098,-0.549,5.098,5.756,0.549,False,38512,-14.046,0.878,0.618,-14.925,-18.925,-22.425,-14.925,-7.462,18.925,4.878,7.462,False,1.862,1.923,-15.909,-19.909,-23.409,-15.909,-7.954,19.909,5.862,7.954,False,1.898,1.923,-15.945,-19.945,-23.445,-15.945,-7.972,19.945,5.898,7.972,False,-481.214,-503.541,-503.64
INJUSDT,348727,15416,103680,52842,52842,1.0,0.5097,46007,46007,52842,-30.304,0.79,0.0,-31.094,-35.094,-38.594,-31.094,-15.547,35.094,4.79,15.547,False,0.843,0.0,-31.147,-35.147,-38.647,-31.147,-15.573,35.147,4.843,15.573,False,0.834,0.0,-31.138,-35.138,-38.638,-31.138,-15.569,35.138,4.834,15.569,False,6835,1.07,1.863,1.605,-0.794,-4.794,-8.294,-0.794,-0.397,4.794,5.863,0.397,False,1.926,1.615,-0.856,-4.856,-8.356,-0.856,-0.428,4.856,5.926,0.428,False,1.841,1.438,-0.771,-4.771,-8.271,-0.771,-0.385,4.771,5.841,0.385,False,46007,-34.965,0.631,0.0,-35.596,-39.596,-43.096,-35.596,-17.798,39.596,4.631,17.798,False,0.682,0.0,-35.647,-39.647,-43.147,-35.647,-17.823,39.647,4.682,17.823,False,0.685,0.0,-35.649,-39.649,-43.149,-35.649,-17.825,39.649,4.685,17.825,False,-455.097,-460.983,-452.914,88264,44743,44743,1.0,0.5069,39353,39353,44743,-35.755,0.729,0.0,-36.484,-40.484,-43.984,-36.484,-18.242,40.484,4.729,18.242,False,0.775,0.0,-36.529,-40.529,-44.029,-36.529,-18.265,40.529,4.775,18.265,False,0.773,0.0,-36.528,-40.528,-44.028,-36.528,-18.264,40.528,4.773,18.264,False,5390,1.07,1.882,1.609,-0.812,-4.812,-8.312,-0.812,-0.406,4.812,5.882,0.406,False,1.965,1.694,-0.895,-4.895,-8.395,-0.895,-0.447,4.895,5.965,0.447,False,1.892,1.531,-0.822,-4.822,-8.322,-0.822,-0.411,4.822,5.892,0.411,False,39353,-40.798,0.572,0.0,-41.37,-45.37,-48.87,-41.37,-20.685,45.37,4.572,20.685,False,0.612,0.0,-41.41,-45.41,-48.91,-41.41,-20.705,45.41,4.612,20.705,False,0.62,0.0,-41.418,-45.418,-48.918,-41.418,-20.709,45.418,4.62,20.709,False,-360.232,-366.445,-360.98
ARBUSDT,436350,14514,103680,52376,52376,1.0,0.5052,44258,44258,52376,-13.612,0.756,0.612,-14.367,-18.367,-21.867,-14.367,-7.184,18.367,4.756,7.184,False,0.413,0.763,-14.025,-18.025,-21.525,-14.025,-7.012,18.025,4.413,7.012,False,0.447,0.852,-14.059,-18.059,-21.559,-14.059,-7.029,18.059,4.447,7.029,False,8118,0.677,1.282,1.161,-0.606,-4.606,-8.106,-0.606,-0.303,4.606,5.282,0.303,False,1.433,1.251,-0.756,-4.756,-8.256,-0.756,-0.378,4.756,5.433,0.378,False,1.444,1.262,-0.768,-4.768,-8.268,-0.768,-0.384,4.768,5.444,0.384,False,44258,-16.233,0.659,0.451,-16.892,-20.892,-24.392,-16.892,-8.446,20.892,4.659,8.446,False,0.226,0.632,-16.459,-20.459,-23.959,-16.459,-8.229,20.459,4.226,8.229,False,0.264,0.701,-16.497,-20.497,-23.997,-16.497,-8.248,20.497,4.264,8.248,False,-519.327,-536.239,-537.592,89166,45022,45022,1.0,0.5049,38358,38358,45022,-15.831,0.737,0.586,-16.568,-20.568,-24.068,-16.568,-8.284,20.568,4.737,8.284,False,0.3,0.72,-16.132,-20.132,-23.632,-16.132,-8.066,20.132,4.3,8.066,False,0.335,0.819,-16.166,-20.166,-23.666,-16.166,-8.083,20.166,4.335,8.083,False,6664,0.676,1.234,1.12,-0.559,-4.559,-8.059,-0.559,-0.279,4.559,5.234,0.279,False,1.376,1.239,-0.701,-4.701,-8.201,-0.701,-0.35,4.701,5.376,0.35,False,1.396,1.256,-0.72,-4.72,-8.22,-0.72,-0.36,4.72,5.396,0.36,False,38358,-18.699,0.651,0.43,-19.35,-23.35,-26.85,-19.35,-9.675,23.35,4.651,9.675,False,0.113,0.624,-18.812,-22.812,-26.312,-18.812,-9.406,22.812,4.113,9.406,False,0.151,0.672,-18.85,-22.85,-26.35,-18.85,-9.425,22.85,4.151,9.425,False,-421.961,-435.104,-436.862
LABUSDT,2498083,15377,103380,52053,52053,1.0,0.5035,47053,47053,52053,-40.222,535.237,6.298,-575.46,-579.46,-582.96,-575.46,-287.73,579.46,539.237,287.73,False,536.983,16.383,-577.205,-581.205,-584.705,-577.205,-288.603,581.205,540.983,288.603,False,535.07,7.92,-575.292,-579.292,-582.792,-575.292,-287.646,579.292,539.07,287.646,False,5000,0.614,3.793,2.771,-3.178,-7.178,-10.678,-3.178,-1.589,7.178,7.793,1.589,False,3.646,2.692,-3.032,-7.032,-10.532,-3.032,-1.516,7.032,7.646,1.516,False,3.874,3.003,-3.259,-7.259,-10.759,-3.259,-1.63,7.259,7.874,1.63,False,47053,-44.562,591.71,6.298,-636.272,-640.272,-643.772,-636.272,-318.136,640.272,595.71,318.136,False,593.657,16.383,-638.219,-642.219,-645.719,-638.219,-319.109,642.219,597.657,319.109,False,591.517,9.1,-636.079,-640.079,-643.579,-636.079,-318.039,640.079,595.517,318.039,False,-498.472,-488.333,-504.097,88003,44273,44273,1.0,0.5031,40329,40329,44273,-45.5,549.371,6.298,-594.871,-598.871,-602.371,-594.871,-297.435,598.871,553.371,297.435,False,551.537,16.383,-597.037,-601.037,-604.537,-597.037,-298.518,601.037,555.537,298.518,False,549.017,8.836,-594.517,-598.517,-602.017,-594.517,-297.258,598.517,553.017,297.258,False,3944,0.617,3.996,2.851,-3.379,-7.379,-10.879,-3.379,-1.689,7.379,7.996,1.689,False,4.123,2.949,-3.506,-7.506,-11.006,-3.506,-1.753,7.506,8.123,1.753,False,4.238,3.179,-3.621,-7.621,-11.121,-3.621,-1.81,7.621,8.238,1.81,False,40329,-50.01,602.706,6.298,-652.716,-656.716,-660.216,-652.716,-326.358,656.716,606.706,326.358,False,605.072,16.383,-655.081,-659.081,-662.581,-655.081,-327.541,659.081,609.072,327.541,False,602.294,10.084,-652.304,-656.304,-659.804,-652.304,-326.152,656.304,606.294,326.152,False,-404.205,-411.162,-417.461
OPUSDT,277756,14458,103678,51864,51864,1.0,0.5002,45725,45725,51864,0.005,22.814,1.749,-22.809,-26.809,-30.309,-22.809,-11.405,26.809,26.814,11.405,False,22.204,2.442,-22.2,-26.2,-29.7,-22.2,-11.1,26.2,26.204,11.1,False,22.469,3.133,-22.464,-26.464,-29.964,-22.464,-11.232,26.464,26.469,11.232,False,6139,0.574,1.694,1.042,-1.12,-5.12,-8.62,-1.12,-0.56,5.12,5.694,0.56,False,1.861,1.217,-1.287,-5.287,-8.787,-1.287,-0.643,5.287,5.861,0.643,False,1.94,1.395,-1.366,-5.366,-8.866,-1.366,-0.683,5.366,5.94,0.683,False,45725,-0.072,25.649,1.865,-25.721,-29.721,-33.221,-25.721,-12.861,29.721,29.649,12.861,False,24.936,2.76,-25.008,-29.008,-32.508,-25.008,-12.504,29.008,28.936,12.504,False,25.225,3.54,-25.297,-29.297,-32.797,-25.297,-12.648,29.297,29.225,12.648,False,-436.551,-450.79,-457.526,89220,44547,44547,1.0,0.4993,39477,39477,44547,0.025,26.343,1.895,-26.318,-30.318,-33.818,-26.318,-13.159,30.318,30.343,13.159,False,25.594,2.822,-25.57,-29.57,-33.07,-25.57,-12.785,29.57,29.594,12.785,False,25.91,3.709,-25.885,-29.885,-33.385,-25.885,-12.943,29.885,29.91,12.943,False,5070,0.571,1.655,0.988,-1.084,-5.084,-8.584,-1.084,-0.542,5.084,5.655,0.542,False,1.838,1.165,-1.267,-5.267,-8.767,-1.267,-0.633,5.267,5.838,0.633,False,1.996,1.353,-1.425,-5.425,-8.925,-1.425,-0.712,5.425,5.996,0.712,False,39477,-0.046,29.513,2.198,-29.559,-33.559,-37.059,-29.559,-14.779,33.559,33.513,14.779,False,28.645,3.231,-28.691,-32.691,-36.191,-28.691,-14.345,32.691,32.645,14.345,False,28.981,4.263,-29.027,-33.027,-36.527,-29.027,-14.513,33.027,32.981,14.513,False,-357.998,-370.885,-382.01
ATOMUSDT,283915,13419,103680,51682,51682,1.0,0.4985,44102,44102,51682,-0.269,12.253,0.551,-12.522,-16.522,-20.022,-12.522,-6.261,16.522,16.253,6.261,False,12.336,0.642,-12.606,-16.606,-20.106,-12.606,-6.303,16.606,16.336,6.303,False,12.39,0.708,-12.66,-16.66,-20.16,-12.66,-6.33,16.66,16.39,6.33,False,7580,0.397,1.336,0.708,-0.939,-4.939,-8.439,-0.939,-0.47,4.939,5.336,0.47,False,1.46,0.941,-1.063,-5.063,-8.563,-1.063,-0.532,5.063,5.46,0.532,False,1.499,1.156,-1.102,-5.102,-8.602,-1.102,-0.551,5.102,5.499,0.551,False,44102,-0.384,14.129,0.483,-14.513,-18.513,-22.013,-14.513,-7.256,18.513,18.129,7.256,False,14.206,0.629,-14.59,-18.59,-22.09,-14.59,-7.295,18.59,18.206,7.295,False,14.262,0.63,-14.646,-18.646,-22.146,-14.646,-7.323,18.646,18.262,7.323,False,-519.967,-533.021,-537.127,90261,44871,44871,1.0,0.4971,38585,38585,44871,-0.287,13.945,0.52,-14.232,-18.232,-21.732,-14.232,-7.116,18.232,17.945,7.116,False,14.026,0.633,-14.313,-18.313,-21.813,-14.313,-7.157,18.313,18.026,7.157,False,14.069,0.659,-14.356,-18.356,-21.856,-14.356,-7.178,18.356,18.069,7.178,False,6286,0.393,1.31,0.675,-0.917,-4.917,-8.417,-0.917,-0.459,4.917,5.31,0.459,False,1.42,0.922,-1.028,-5.028,-8.528,-1.028,-0.514,5.028,5.42,0.514,False,1.441,1.064,-1.048,-5.048,-8.548,-1.048,-0.524,5.048,5.441,0.524,False,38585,-0.398,16.003,0.449,-16.401,-20.401,-23.901,-16.401,-8.201,20.401,20.003,8.201,False,16.079,0.627,-16.478,-20.478,-23.978,-16.478,-8.239,20.478,20.079,8.239,False,16.126,0.611,-16.524,-20.524,-24.024,-16.524,-8.262,20.524,20.126,8.262,False,-429.281,-438.972,-440.718
POLUSDT,282382,20275,103680,51679,51679,1.0,0.4984,43816,43816,51679,-0.4,3.028,0.527,-3.428,-7.428,-10.928,-3.428,-1.714,7.428,7.028,1.714,False,2.745,0.681,-3.145,-7.145,-10.645,-3.145,-1.573,7.145,6.745,1.573,False,2.815,0.79,-3.215,-7.215,-10.715,-3.215,-1.607,7.215,6.815,1.607,False,7863,0.756,1.405,1.154,-0.648,-4.648,-8.148,-0.648,-0.324,4.648,5.405,0.324,False,1.578,1.263,-0.822,-4.822,-8.322,-0.822,-0.411,4.822,5.578,0.411,False,1.7,1.36,-0.944,-4.944,-8.444,-0.944,-0.472,4.944,5.7,0.472,False,43816,-0.607,3.32,0.346,-3.927,-7.927,-11.427,-3.927,-1.963,7.927,7.32,1.963,False,2.955,0.552,-3.562,-7.562,-11.062,-3.562,-1.781,7.562,6.955,1.781,False,3.015,0.684,-3.622,-7.622,-11.122,-3.622,-1.811,7.622,7.015,1.811,False,-507.6,-526.603,-539.926,83405,41173,41173,1.0,0.4937,35400,35400,41173,-0.483,3.577,0.497,-4.06,-8.06,-11.56,-4.06,-2.03,8.06,7.577,2.03,False,3.198,0.679,-3.681,-7.681,-11.181,-3.681,-1.84,7.681,7.198,1.84,False,3.27,0.781,-3.752,-7.752,-11.252,-3.752,-1.876,7.752,7.27,1.876,False,5773,0.75,1.395,1.136,-0.644,-4.644,-8.144,-0.644,-0.322,4.644,5.395,0.322,False,1.6,1.271,-0.85,-4.85,-8.35,-0.85,-0.425,4.85,5.6,0.425,False,1.7,1.36,-0.949,-4.949,-8.449,-0.949,-0.475,4.949,5.7,0.475,False,35400,-0.684,3.933,0.31,-4.617,-8.617,-12.117,-4.617,-2.308,8.617,7.933,2.308,False,3.459,0.521,-4.142,-8.142,-11.642,-4.142,-2.071,8.142,7.459,2.071,False,3.526,0.682,-4.209,-8.209,-11.709,-4.209,-2.105,8.209,7.526,2.105,False,-372.359,-388.876,-396.814
ETCUSDT,299425,12977,103680,51373,51373,1.0,0.4955,44923,44923,51373,-20.71,0.862,0.681,-21.572,-25.572,-29.072,-21.572,-10.786,25.572,4.862,10.786,False,1.482,1.412,-22.192,-26.192,-29.692,-22.192,-11.096,26.192,5.482,11.096,False,1.548,1.412,-22.258,-26.258,-29.758,-22.258,-11.129,26.258,5.548,11.129,False,6450,0.78,1.513,1.295,-0.733,-4.733,-8.233,-0.733,-0.366,4.733,5.513,0.366,False,1.799,1.617,-1.019,-5.019,-8.519,-1.019,-0.509,5.019,5.799,0.509,False,1.813,1.618,-1.033,-5.033,-8.533,-1.033,-0.517,5.033,5.813,0.517,False,44923,-23.796,0.768,0.548,-24.564,-28.564,-32.064,-24.564,-12.282,28.564,4.768,12.282,False,1.436,1.412,-25.232,-29.232,-32.732,-25.232,-12.616,29.232,5.436,12.616,False,1.51,1.412,-25.305,-29.305,-32.805,-25.305,-12.653,29.305,5.51,12.653,False,-423.998,-449.619,-450.873,90703,44834,44834,1.0,0.4943,39368,39368,44834,-23.713,0.85,0.668,-24.562,-28.562,-32.062,-24.562,-12.281,28.562,4.85,12.281,False,1.543,1.412,-25.256,-29.256,-32.756,-25.256,-12.628,29.256,5.543,12.628,False,1.608,1.412,-25.321,-29.321,-32.821,-25.321,-12.66,29.321,5.608,12.66,False,5466,0.777,1.5,1.287,-0.723,-4.723,-8.223,-0.723,-0.362,4.723,5.5,0.362,False,1.796,1.611,-1.02,-5.02,-8.52,-1.02,-0.51,5.02,5.796,0.51,False,1.818,1.586,-1.042,-5.042,-8.542,-1.042,-0.521,5.042,5.818,0.521,False,39368,-27.113,0.759,0.54,-27.872,-31.872,-35.372,-27.872,-13.936,31.872,4.759,13.936,False,1.508,1.412,-28.621,-32.621,-36.121,-28.621,-14.31,32.621,5.508,14.31,False,1.579,1.412,-28.692,-32.692,-36.192,-28.692,-14.346,32.692,5.579,14.346,False,-358.554,-381.102,-382.772
1000PEPEUSDT,476398,7078,42754,23321,23321,1.0,0.5455,14679,14679,23321,1.055,36.185,3.631,-35.129,-39.129,-42.629,-35.129,-17.565,39.129,40.185,17.565,False,34.107,3.724,-33.052,-37.052,-40.552,-33.052,-16.526,37.052,38.107,16.526,False,34.147,5.159,-33.091,-37.091,-40.591,-33.091,-16.546,37.091,38.147,16.546,False,8642,1.827,1.902,1.352,-0.076,-4.076,-7.576,-0.076,-0.038,4.076,5.902,0.038,False,1.86,1.507,-0.034,-4.034,-7.534,-0.034,-0.017,4.034,5.86,0.017,False,1.76,1.489,0.066,-3.934,-7.434,0.066,0.033,3.934,5.76,0.0,False,14679,0.601,56.368,7.311,-55.767,-59.767,-63.267,-55.767,-27.883,59.767,60.368,27.883,False,53.092,9.915,-52.491,-56.491,-59.991,-52.491,-26.245,56.491,57.092,26.245,False,53.214,13.72,-52.612,-56.612,-60.112,-52.612,-26.306,56.612,57.214,26.306,False,-489.233,-484.192,-472.189,35676,19181,19181,1.0,0.5376,12813,12813,19181,1.106,43.673,3.694,-42.567,-46.567,-50.067,-42.567,-21.284,46.567,47.673,21.284,False,41.12,5.505,-40.014,-44.014,-47.514,-40.014,-20.007,44.014,45.12,20.007,False,41.15,7.061,-40.044,-44.044,-47.544,-40.044,-20.022,44.044,45.15,20.022,False,6368,1.825,1.976,1.474,-0.151,-4.151,-7.651,-0.151,-0.076,4.151,5.976,0.076,False,1.796,1.499,0.029,-3.971,-7.471,0.029,0.014,3.971,5.796,0.0,False,1.676,1.585,0.149,-3.851,-7.351,0.149,0.075,3.851,5.676,0.0,False,12813,0.749,64.396,124.979,-63.648,-67.648,-71.148,-63.648,-31.824,67.648,68.396,31.824,False,60.664,117.67,-59.915,-63.915,-67.415,-59.915,-29.958,63.915,64.664,29.958,False,60.768,117.67,-60.019,-64.019,-67.519,-60.019,-30.01,64.019,64.768,30.01,False,-367.133,-351.213,-340.6
FARTCOINUSDT,465634,8616,43936,22098,22098,1.0,0.503,18122,18122,22098,-0.401,18.896,1.787,-19.297,-23.297,-26.797,-19.297,-9.649,23.297,22.896,9.649,False,18.518,2.27,-18.919,-22.919,-26.419,-18.919,-9.46,22.919,22.518,9.46,False,19.356,2.97,-19.757,-23.757,-27.257,-19.757,-9.878,23.757,23.356,9.878,False,3976,0.354,1.635,1.455,-1.282,-5.282,-8.782,-1.282,-0.641,5.282,5.635,0.641,False,1.446,1.291,-1.093,-5.093,-8.593,-1.093,-0.546,5.093,5.446,0.546,False,1.359,1.056,-1.006,-5.006,-8.506,-1.006,-0.503,5.006,5.359,0.503,False,18122,-0.567,22.683,1.79,-23.25,-27.25,-30.75,-23.25,-11.625,27.25,26.683,11.625,False,22.264,2.519,-22.831,-26.831,-30.331,-22.831,-11.415,26.831,26.264,11.415,False,23.304,3.509,-23.871,-27.871,-31.371,-23.871,-11.935,27.871,27.304,11.935,False,-291.684,-281.247,-276.442,35320,17747,17747,1.0,0.5025,14583,14583,17747,-0.408,20.428,1.79,-20.837,-24.837,-28.337,-20.837,-10.418,24.837,24.428,10.418,False,20.035,2.466,-20.443,-24.443,-27.943,-20.443,-10.221,24.443,24.035,10.221,False,20.982,3.332,-21.39,-25.39,-28.89,-21.39,-10.695,25.39,24.982,10.695,False,3164,0.354,1.733,1.539,-1.378,-5.378,-8.878,-1.378,-0.689,5.378,5.733,0.689,False,1.571,1.364,-1.216,-5.216,-8.716,-1.216,-0.608,5.216,5.571,0.608,False,1.562,1.283,-1.208,-5.208,-8.708,-1.208,-0.604,5.208,5.562,0.604,False,14583,-0.574,24.485,1.791,-25.058,-29.058,-32.558,-25.058,-12.529,29.058,28.485,12.529,False,24.041,2.798,-24.614,-28.614,-32.114,-24.614,-12.307,28.614,28.041,12.307,False,25.195,3.973,-25.769,-29.769,-33.269,-25.769,-12.885,29.769,29.195,12.885,False,-236.333,-229.214,-228.863
VANRYUSDT,886214,6033,26684,13644,13644,1.0,0.5113,10685,10685,13644,-1.11,20.889,2.81,-21.998,-25.998,-29.498,-21.998,-10.999,25.998,24.889,10.999,False,22.591,3.803,-23.701,-27.701,-31.201,-23.701,-11.85,27.701,26.591,11.85,False,22.978,4.66,-24.087,-28.087,-31.587,-24.087,-12.044,28.087,26.978,12.044,False,2959,1.122,4.232,3.617,-3.11,-7.11,-10.61,-3.11,-1.555,7.11,8.232,1.555,False,4.128,2.494,-3.006,-7.006,-10.506,-3.006,-1.503,7.006,8.128,1.503,False,3.903,3.226,-2.782,-6.782,-10.282,-2.782,-1.391,6.782,7.903,1.391,False,10685,-1.727,25.501,2.704,-27.229,-31.229,-34.729,-27.229,-13.614,31.229,29.501,13.614,False,27.704,4.136,-29.432,-33.432,-36.932,-29.432,-14.716,33.432,31.704,14.716,False,28.26,5.097,-29.987,-33.987,-37.487,-29.987,-14.994,33.987,32.26,14.994,False,-292.201,-287.927,-278.721,20651,10496,10496,1.0,0.5083,8239,8239,10496,-1.298,22.883,2.876,-24.181,-28.181,-31.681,-24.181,-12.09,28.181,26.883,12.09,False,25.058,4.131,-26.357,-30.357,-33.857,-26.357,-13.178,30.357,29.058,13.178,False,25.498,5.145,-26.796,-30.796,-34.296,-26.796,-13.398,30.796,29.498,13.398,False,2257,1.141,4.443,3.739,-3.302,-7.302,-10.802,-3.302,-1.651,7.302,8.443,1.651,False,4.394,2.766,-3.253,-7.253,-10.753,-3.253,-1.627,7.253,8.394,1.627,False,4.173,3.724,-3.031,-7.031,-10.531,-3.031,-1.516,7.031,8.173,1.516,False,8239,-1.966,27.934,2.793,-29.901,-33.901,-37.401,-29.901,-14.95,33.901,31.934,14.95,False,30.719,4.554,-32.686,-36.686,-40.186,-32.686,-16.343,36.686,34.719,16.343,False,31.34,5.606,-33.307,-37.307,-40.807,-33.307,-16.653,37.307,35.34,16.653,False,-228.897,-227.361,-220.402
MAGMAUSDT,784724,4254,26750,11973,11973,1.0,0.4476,10805,10805,11973,-26.103,46.707,3.019,-72.81,-76.81,-80.31,-72.81,-36.405,76.81,50.707,36.405,False,45.462,4.78,-71.565,-75.565,-79.065,-71.565,-35.783,75.565,49.462,35.783,False,45.813,9.356,-71.916,-75.916,-79.416,-71.916,-35.958,75.916,49.813,35.958,False,1168,1.79,4.764,4.307,-2.974,-6.974,-10.474,-2.974,-1.487,6.974,8.764,1.487,False,4.679,4.85,-2.889,-6.889,-10.389,-2.889,-1.444,6.889,8.679,1.444,False,3.304,2.85,-1.513,-5.513,-9.013,-1.513,-0.757,5.513,7.304,0.757,False,10805,-29.119,51.241,2.76,-80.36,-84.36,-87.86,-80.36,-40.18,84.36,55.241,40.18,False,49.87,4.78,-78.989,-82.989,-86.489,-78.989,-39.494,82.989,53.87,39.494,False,50.408,10.487,-79.526,-83.526,-87.026,-79.526,-39.763,83.526,54.408,39.763,False,-113.134,-111.755,-89.433,22496,10066,10066,1.0,0.4475,9105,9105,10066,-28.232,50.413,3.36,-78.645,-82.645,-86.145,-78.645,-39.323,82.645,54.413,39.323,False,49.179,5.21,-77.412,-81.412,-84.912,-77.412,-38.706,81.412,53.179,38.706,False,49.708,10.343,-77.94,-81.94,-85.44,-77.94,-38.97,81.94,53.708,38.97,False,961,1.801,5.318,4.52,-3.517,-7.517,-11.017,-3.517,-1.758,7.517,9.318,1.758,False,4.832,5.109,-3.031,-7.031,-10.531,-3.031,-1.515,7.031,8.832,1.515,False,3.254,3.478,-1.452,-5.452,-8.952,-1.452,-0.726,5.452,7.254,0.726,False,9105,-31.402,55.173,3.163,-86.575,-90.575,-94.075,-86.575,-43.287,90.575,59.173,43.287,False,53.86,5.251,-85.262,-89.262,-92.762,-85.262,-42.631,89.262,57.86,42.631,False,54.611,11.643,-86.013,-90.013,-93.513,-86.013,-43.007,90.013,58.611,43.007,False,-100.331,-93.844,-72.769
SOXLUSDT,84979,3881,19730,9666,9666,1.0,0.4899,9207,9207,9666,-16.69,30.589,6.029,-47.278,-51.278,-54.778,-47.278,-23.639,51.278,34.589,23.639,False,32.53,7.883,-49.22,-53.22,-56.72,-49.22,-24.61,53.22,36.53,24.61,False,35.256,10.219,-51.945,-55.945,-59.445,-51.945,-25.973,55.945,39.256,25.973,False,459,0.517,2.466,1.577,-1.949,-5.949,-9.449,-1.949,-0.974,5.949,6.466,0.974,False,2.633,2.099,-2.116,-6.116,-9.616,-2.116,-1.058,6.116,6.633,1.058,False,3.203,2.093,-2.686,-6.686,-10.186,-2.686,-1.343,6.686,7.203,1.343,False,9207,-17.547,31.991,6.029,-49.538,-53.538,-57.038,-49.538,-24.769,53.538,35.991,24.769,False,34.02,9.013,-51.568,-55.568,-59.068,-51.568,-25.784,55.568,38.02,25.784,False,36.853,12.077,-54.401,-58.401,-61.901,-54.401,-27.2,58.401,40.853,27.2,False,-37.925,-38.99,-42.623,15849,7743,7743,1.0,0.4885,7390,7390,7743,-17.684,30.484,6.029,-48.168,-52.168,-55.668,-48.168,-24.084,52.168,34.484,24.084,False,32.522,8.18,-50.206,-54.206,-57.706,-50.206,-25.103,54.206,36.522,25.103,False,35.227,11.054,-52.911,-56.911,-60.411,-52.911,-26.456,56.911,39.227,26.456,False,353,0.512,2.39,1.418,-1.878,-5.878,-9.378,-1.878,-0.939,5.878,6.39,0.939,False,2.661,2.009,-2.149,-6.149,-9.649,-2.149,-1.075,6.149,6.661,1.075,False,3.328,2.048,-2.816,-6.816,-10.316,-2.816,-1.408,6.816,7.328,1.408,False,7390,-18.553,31.826,6.029,-50.379,-54.379,-57.879,-50.379,-25.19,54.379,35.826,25.19,False,33.948,9.661,-52.502,-56.502,-60.002,-52.502,-26.251,56.502,37.948,26.251,False,36.751,13.026,-55.304,-59.304,-62.804,-55.304,-27.652,59.304,40.751,27.652,False,-28.819,-30.147,-33.417
MUSDT,325149,3880,18576,9191,9191,1.0,0.4948,8449,8449,9191,-83.756,125.745,4.673,-209.501,-213.501,-217.001,-209.501,-104.75,213.501,129.745,104.75,False,129.62,7.504,-213.376,-217.376,-220.876,-213.376,-106.688,217.376,133.62,106.688,False,127.837,1.411,-211.593,-215.593,-219.093,-211.593,-105.796,215.593,131.837,105.796,False,742,1.566,5.648,4.441,-4.082,-8.082,-11.582,-4.082,-2.041,8.082,9.648,2.041,False,4.715,4.227,-3.149,-7.149,-10.649,-3.149,-1.574,7.149,8.715,1.574,False,1.724,1.019,-0.158,-4.158,-7.658,-0.158,-0.079,4.158,5.724,0.079,False,8449,-91.249,136.292,4.673,-227.541,-231.541,-235.041,-227.541,-113.77,231.541,140.292,113.77,False,140.589,7.504,-231.839,-235.839,-239.339,-231.839,-115.919,235.839,144.589,115.919,False,138.912,1.411,-230.161,-234.161,-237.661,-230.161,-115.081,234.161,142.912,115.081,False,-83.29,-73.674,-42.851,14696,7300,7300,1.0,0.4967,6717,6717,7300,-88.625,127.06,4.673,-215.685,-219.685,-223.185,-215.685,-107.842,219.685,131.06,107.842,False,131.19,7.504,-219.815,-223.815,-227.315,-219.815,-109.907,223.815,135.19,109.907,False,129.47,1.411,-218.095,-222.095,-225.595,-218.095,-109.048,222.095,133.47,109.048,False,583,1.56,5.585,4.59,-4.024,-8.024,-11.524,-4.024,-2.012,8.024,9.585,2.012,False,4.236,3.937,-2.676,-6.676,-10.176,-2.676,-1.338,6.676,8.236,1.338,False,0.793,0.845,0.768,-3.232,-6.732,0.768,0.384,3.232,4.793,0.0,False,6717,-96.453,137.603,4.673,-234.056,-238.056,-241.556,-234.056,-117.028,238.056,141.603,117.028,False,142.209,7.504,-238.661,-242.661,-246.161,-238.661,-119.331,242.661,146.209,119.331,False,140.639,1.411,-237.091,-241.091,-244.591,-237.091,-118.546,241.091,144.639,118.546,False,-64.972,-54.057,-26.17
MUUSDT,166143,3099,12966,6238,6238,1.0,0.4811,5499,5499,6238,-5.321,2.097,1.035,-7.418,-11.418,-14.918,-7.418,-3.709,11.418,6.097,3.709,False,1.932,0.592,-7.254,-11.254,-14.754,-7.254,-3.627,11.254,5.932,3.627,False,2.485,1.36,-7.806,-11.806,-15.306,-7.806,-3.903,11.806,6.485,3.903,False,739,0.075,1.531,1.081,-1.456,-5.456,-8.956,-1.456,-0.728,5.456,5.531,0.728,False,1.299,0.957,-1.224,-5.224,-8.724,-1.224,-0.612,5.224,5.299,0.612,False,1.094,0.805,-1.019,-5.019,-8.519,-1.019,-0.51,5.019,5.094,0.51,False,5499,-6.047,2.173,1.031,-8.219,-12.219,-15.719,-8.219,-4.11,12.219,6.173,4.11,False,2.017,0.529,-8.064,-12.064,-15.564,-8.064,-4.032,12.064,6.017,4.032,False,2.672,1.417,-8.718,-12.718,-16.218,-8.718,-4.359,12.718,6.672,4.359,False,-56.0,-53.619,-51.514,9867,4768,4768,1.0,0.4832,4201,4201,4768,-5.918,2.104,1.054,-8.022,-12.022,-15.522,-8.022,-4.011,12.022,6.104,4.011,False,1.972,0.579,-7.89,-11.89,-15.39,-7.89,-3.945,11.89,5.972,3.945,False,2.535,1.423,-8.453,-12.453,-15.953,-8.453,-4.226,12.453,6.535,4.226,False,567,0.073,1.471,1.086,-1.398,-5.398,-8.898,-1.398,-0.699,5.398,5.471,0.699,False,1.254,0.957,-1.182,-5.182,-8.682,-1.182,-0.591,5.182,5.254,0.591,False,1.055,0.805,-0.982,-4.982,-8.482,-0.982,-0.491,4.982,5.055,0.491,False,4201,-6.727,2.19,1.039,-8.916,-12.916,-16.416,-8.916,-4.458,12.916,6.19,4.458,False,2.069,0.516,-8.795,-12.795,-16.295,-8.795,-4.398,12.795,6.069,4.398,False,2.734,1.505,-9.461,-13.461,-16.961,-9.461,-4.73,13.461,6.734,4.73,False,-42.509,-40.808,-39.233
TAIKOUSDT,157520,2733,11716,5717,5717,1.0,0.488,4974,4974,5717,-8.093,21.658,4.554,-29.752,-33.752,-37.252,-29.752,-14.876,33.752,25.658,14.876,False,19.317,3.344,-27.41,-31.41,-34.91,-27.41,-13.705,31.41,23.317,13.705,False,21.136,4.092,-29.229,-33.229,-36.729,-29.229,-14.615,33.229,25.136,14.615,False,743,1.283,4.715,3.141,-3.432,-7.432,-10.932,-3.432,-1.716,7.432,8.715,1.716,False,3.306,3.622,-2.023,-6.023,-9.523,-2.023,-1.011,6.023,7.306,1.011,False,2.172,3.047,-0.889,-4.889,-8.389,-0.889,-0.445,4.889,6.172,0.445,False,4974,-9.494,24.189,4.743,-33.683,-37.683,-41.183,-33.683,-16.842,37.683,28.189,16.842,False,21.709,3.317,-31.203,-35.203,-38.703,-31.203,-15.601,35.203,25.709,15.601,False,23.969,4.288,-33.463,-37.463,-40.963,-33.463,-16.731,37.463,27.969,16.731,False,-76.694,-62.154,-50.452,8983,4358,4358,1.0,0.4851,3836,3836,4358,-9.136,24.879,4.743,-34.015,-38.015,-41.515,-34.015,-17.007,38.015,28.879,17.007,False,22.217,3.949,-31.353,-35.353,-38.853,-31.353,-15.676,35.353,26.217,15.676,False,24.415,4.968,-33.551,-37.551,-41.051,-33.551,-16.776,37.551,28.415,16.776,False,522,1.268,5.289,3.178,-4.022,-8.022,-11.522,-4.022,-2.011,8.022,9.289,2.011,False,4.489,4.098,-3.221,-7.221,-10.721,-3.221,-1.61,7.221,8.489,1.61,False,3.055,3.525,-1.787,-5.787,-9.287,-1.787,-0.894,5.787,7.055,0.894,False,3836,-10.552,27.544,4.743,-38.096,-42.096,-45.596,-38.096,-19.048,42.096,31.544,19.048,False,24.629,3.929,-35.181,-39.181,-42.681,-35.181,-17.591,39.181,28.629,17.591,False,27.322,5.177,-37.874,-41.874,-45.374,-37.874,-18.937,41.874,31.322,18.937,False,-58.16,-52.352,-41.956
SLXUSDT,69016,2039,10194,5228,5228,1.0,0.5129,4543,4543,5228,-11.72,2.431,0.0,-14.152,-18.152,-21.652,-14.152,-7.076,18.152,6.431,7.076,False,-3.788,-5.571,-7.932,-11.932,-15.432,-7.932,-3.966,11.932,0.212,3.966,False,-8.62,-9.607,-3.1,-7.1,-10.6,-3.1,-1.55,7.1,-4.62,1.55,False,685,1.102,2.213,2.139,-1.11,-5.11,-8.61,-1.11,-0.555,5.11,6.213,0.555,False,1.664,2.138,-0.562,-4.562,-8.062,-0.562,-0.281,4.562,5.664,0.281,False,2.037,2.148,-0.935,-4.935,-8.435,-0.935,-0.468,4.935,6.037,0.468,False,4543,-13.654,2.464,0.0,-16.118,-20.118,-23.618,-16.118,-8.059,20.118,6.464,8.059,False,-4.61,-9.007,-9.044,-13.044,-16.544,-9.044,-4.522,13.044,-0.61,4.522,False,-10.227,-14.383,-3.426,-7.426,-10.926,-3.426,-1.713,7.426,-6.227,1.713,False,-48.616,-43.402,-46.951,8155,4157,4157,1.0,0.5097,3644,3644,4157,-12.906,2.493,0.0,-15.4,-19.4,-22.9,-15.4,-7.7,19.4,6.493,7.7,False,-4.045,-6.329,-8.861,-12.861,-16.361,-8.861,-4.43,12.861,-0.045,4.43,False,-9.158,-10.622,-3.749,-7.749,-11.249,-3.749,-1.874,7.749,-5.158,1.874,False,513,1.103,2.024,2.163,-0.921,-4.921,-8.421,-0.921,-0.461,4.921,6.024,0.461,False,1.502,2.151,-0.399,-4.399,-7.899,-0.399,-0.2,4.399,5.502,0.2,False,1.735,2.148,-0.633,-4.633,-8.133,-0.633,-0.316,4.633,5.735,0.316,False,3644,-14.878,2.559,0.0,-17.438,-21.438,-24.938,-17.438,-8.719,21.438,6.559,8.719,False,-4.826,-10.081,-10.052,-14.052,-17.552,-10.052,-5.026,14.052,-0.826,5.026,False,-10.691,-15.385,-4.187,-8.187,-11.687,-4.187,-2.094,8.187,-6.691,2.094,False,-35.062,-31.343,-33.01
SNDKUSDT,83496,2405,10232,4831,4831,1.0,0.4721,4546,4546,4831,-12.272,7.339,0.49,-19.611,-23.611,-27.111,-19.611,-9.806,23.611,11.339,9.806,False,6.972,0.488,-19.244,-23.244,-26.744,-19.244,-9.622,23.244,10.972,9.622,False,6.396,-1.375,-18.668,-22.668,-26.168,-18.668,-9.334,22.668,10.396,9.334,False,285,0.18,1.644,1.368,-1.464,-5.464,-8.964,-1.464,-0.732,5.464,5.644,0.732,False,1.658,1.112,-1.478,-5.478,-8.978,-1.478,-0.739,5.478,5.658,0.739,False,1.694,1.038,-1.514,-5.514,-9.014,-1.514,-0.757,5.514,5.694,0.757,False,4546,-13.053,7.696,0.49,-20.749,-24.749,-28.249,-20.749,-10.374,24.749,11.696,10.374,False,7.306,0.488,-20.358,-24.358,-27.858,-20.358,-10.179,24.358,11.306,10.179,False,6.691,-1.375,-19.743,-23.743,-27.243,-19.743,-9.872,23.743,10.691,9.872,False,-21.628,-21.684,-21.826,7827,3734,3734,1.0,0.4771,3515,3515,3734,-12.853,7.318,0.49,-20.171,-24.171,-27.671,-20.171,-10.086,24.171,11.318,10.086,False,6.984,0.488,-19.838,-23.838,-27.338,-19.838,-9.919,23.838,10.984,9.919,False,6.439,-1.375,-19.292,-23.292,-26.792,-19.292,-9.646,23.292,10.439,9.646,False,219,0.186,1.706,1.475,-1.52,-5.52,-9.02,-1.52,-0.76,5.52,5.706,0.76,False,1.981,1.152,-1.795,-5.795,-9.295,-1.795,-0.897,5.795,5.981,0.897,False,1.962,1.08,-1.777,-5.777,-9.277,-1.777,-0.888,5.777,5.962,0.888,False,3515,-13.666,7.667,0.49,-21.333,-25.333,-28.833,-21.333,-10.667,25.333,11.667,10.667,False,7.296,0.488,-20.962,-24.962,-28.462,-20.962,-10.481,24.962,11.296,10.481,False,6.718,-1.375,-20.384,-24.384,-27.884,-20.384,-10.192,24.384,10.718,10.192,False,-16.79,-17.626,-17.572
KORUUSDT,46574,1580,6924,3233,3233,1.0,0.4669,3052,3052,3233,-1.16,7.981,0.725,-9.141,-13.141,-16.641,-9.141,-4.57,13.141,11.981,4.57,False,7.274,1.395,-8.434,-12.434,-15.934,-8.434,-4.217,12.434,11.274,4.217,False,8.698,5.317,-9.858,-13.858,-17.358,-9.858,-4.929,13.858,12.698,4.929,False,181,1.155,2.812,2.227,-1.657,-5.657,-9.157,-1.657,-0.829,5.657,6.812,0.829,False,2.534,2.476,-1.379,-5.379,-8.879,-1.379,-0.69,5.379,6.534,0.69,False,2.565,2.631,-1.411,-5.411,-8.911,-1.411,-0.705,5.411,6.565,0.705,False,3052,-1.297,8.287,0.579,-9.585,-13.585,-17.085,-9.585,-4.792,13.585,12.287,4.792,False,7.555,1.211,-8.852,-12.852,-16.352,-8.852,-4.426,12.852,11.555,4.426,False,9.061,5.724,-10.359,-14.359,-17.859,-10.359,-5.179,14.359,13.061,5.179,False,-14.221,-13.522,-13.603,5344,2485,2485,1.0,0.465,2348,2348,2485,-1.114,8.227,0.837,-9.34,-13.34,-16.84,-9.34,-4.67,13.34,12.227,4.67,False,7.471,1.438,-8.585,-12.585,-16.085,-8.585,-4.292,12.585,11.471,4.292,False,8.837,5.461,-9.951,-13.951,-17.451,-9.951,-4.976,13.951,12.837,4.976,False,137,1.12,2.824,2.227,-1.704,-5.704,-9.204,-1.704,-0.852,5.704,6.824,0.852,False,2.868,2.562,-1.748,-5.748,-9.248,-1.748,-0.874,5.748,6.868,0.874,False,2.422,2.631,-1.302,-5.302,-8.802,-1.302,-0.651,5.302,6.422,0.651,False,2348,-1.244,8.542,0.73,-9.786,-13.786,-17.286,-9.786,-4.893,13.786,12.542,4.893,False,7.739,1.291,-8.984,-12.984,-16.484,-8.984,-4.492,12.984,11.739,4.492,False,9.212,5.964,-10.456,-14.456,-17.956,-10.456,-5.228,14.456,13.212,5.228,False,-10.853,-10.937,-10.089
BIRBUSDT,22417,461,2846,1402,1402,1.0,0.4926,1292,1292,1402,2.259,28.159,29.072,-25.9,-29.9,-33.4,-25.9,-12.95,29.9,32.159,12.95,False,38.693,54.263,-36.434,-40.434,-43.934,-36.434,-18.217,40.434,42.693,18.217,False,41.238,77.688,-38.98,-42.98,-46.48,-38.98,-19.49,42.98,45.238,19.49,False,110,1.901,5.527,3.551,-3.627,-7.627,-11.127,-3.627,-1.813,7.627,9.527,1.813,False,5.213,5.845,-3.313,-7.313,-10.813,-3.313,-1.656,7.313,9.213,1.656,False,5.102,5.094,-3.201,-7.201,-10.701,-3.201,-1.6,7.201,9.102,1.6,False,1292,2.289,30.086,55.57,-27.796,-31.796,-35.296,-27.796,-13.898,31.796,34.086,13.898,False,41.543,76.326,-39.254,-43.254,-46.754,-39.254,-19.627,43.254,45.543,19.627,False,44.315,81.522,-42.026,-46.026,-49.526,-42.026,-21.013,46.026,48.315,21.013,False,-11.652,-11.173,-11.002,2385,1167,1167,1.0,0.4893,1081,1081,1167,2.413,30.23,55.57,-27.817,-31.817,-35.317,-27.817,-13.909,31.817,34.23,13.909,False,41.53,76.326,-39.117,-43.117,-46.617,-39.117,-19.558,43.117,45.53,19.558,False,44.433,81.522,-42.02,-46.02,-49.52,-42.02,-21.01,46.02,48.433,21.01,False,86,2.034,5.295,3.551,-3.261,-7.261,-10.761,-3.261,-1.631,7.261,9.295,1.631,False,5.021,6.04,-2.987,-6.987,-10.487,-2.987,-1.494,6.987,9.021,1.494,False,6.175,5.475,-4.141,-8.141,-11.641,-4.141,-2.07,8.141,10.175,2.07,False,1081,2.443,32.214,55.57,-29.771,-33.771,-37.271,-29.771,-14.885,33.771,36.214,14.885,False,44.434,76.326,-41.991,-45.991,-49.491,-41.991,-20.996,45.991,48.434,20.996,False,47.477,81.522,-45.034,-49.034,-52.534,-45.034,-22.517,49.034,51.477,22.517,False,-8.673,-8.346,-9.724
XAGUSDT,6865,139,730,431,431,1.0,0.5904,188,188,431,0.33,0.823,0.796,-0.492,-4.492,-7.992,-0.492,-0.246,4.492,4.823,0.246,False,0.926,0.796,-0.596,-4.596,-8.096,-0.596,-0.298,4.596,4.926,0.298,False,0.894,0.0,-0.563,-4.563,-8.063,-0.563,-0.282,4.563,4.894,0.282,False,243,0.796,0.871,0.0,-0.075,-4.075,-7.575,-0.075,-0.038,4.075,4.871,0.038,False,1.009,0.0,-0.213,-4.213,-7.713,-0.213,-0.106,4.213,5.009,0.106,False,0.897,0.0,-0.102,-4.102,-7.602,-0.102,-0.051,4.102,4.897,0.051,False,188,-0.271,0.76,1.59,-1.031,-5.031,-8.531,-1.031,-0.516,5.031,4.76,0.516,False,0.82,1.59,-1.091,-5.091,-8.591,-1.091,-0.545,5.091,4.82,0.545,False,0.889,1.59,-1.16,-5.16,-8.66,-1.16,-0.58,5.16,4.889,0.58,False,-13.753,-14.219,-13.844,591,344,344,1.0,0.5821,149,149,344,0.324,0.827,1.589,-0.504,-4.504,-8.004,-0.504,-0.252,4.504,4.827,0.252,False,0.948,1.589,-0.624,-4.624,-8.124,-0.624,-0.312,4.624,4.948,0.312,False,0.833,0.0,-0.509,-4.509,-8.009,-0.509,-0.255,4.509,4.833,0.255,False,195,0.796,0.849,0.0,-0.053,-4.053,-7.553,-0.053,-0.027,4.053,4.849,0.027,False,0.979,0.0,-0.184,-4.184,-7.684,-0.184,-0.092,4.184,4.979,0.092,False,0.759,0.0,0.036,-3.964,-7.464,0.036,0.018,3.964,4.759,0.0,False,149,-0.294,0.799,1.59,-1.093,-5.093,-8.593,-1.093,-0.547,5.093,4.799,0.547,False,0.906,1.59,-1.2,-5.2,-8.7,-1.2,-0.6,5.2,4.906,0.6,False,0.929,1.59,-1.223,-5.223,-8.723,-1.223,-0.612,5.223,4.929,0.612,False,-10.977,-11.332,-10.736
SPCXUSDT,2528,110,728,414,414,1.0,0.5687,203,203,414,0.073,0.591,0.311,-0.518,-4.518,-8.018,-0.518,-0.259,4.518,4.591,0.259,False,0.558,0.622,-0.486,-4.486,-7.986,-0.486,-0.243,4.486,4.558,0.243,False,0.664,0.933,-0.591,-4.591,-8.091,-0.591,-0.296,4.591,4.664,0.296,False,211,0.311,0.368,0.0,-0.057,-4.057,-7.557,-0.057,-0.029,4.057,4.368,0.029,False,0.86,0.0,-0.55,-4.55,-8.05,-0.55,-0.275,4.55,4.86,0.275,False,0.822,0.0,-0.511,-4.511,-8.011,-0.511,-0.256,4.511,4.822,0.256,False,203,-0.175,0.823,0.622,-0.997,-4.997,-8.497,-0.997,-0.499,4.997,4.823,0.499,False,0.244,0.622,-0.419,-4.419,-7.919,-0.419,-0.21,4.419,4.244,0.21,False,0.5,1.243,-0.675,-4.675,-8.175,-0.675,-0.337,4.675,4.5,0.337,False,-11.889,-13.334,-13.22,618,351,351,1.0,0.568,167,167,351,0.059,0.613,0.311,-0.554,-4.554,-8.054,-0.554,-0.277,4.554,4.613,0.277,False,0.571,0.621,-0.512,-4.512,-8.012,-0.512,-0.256,4.512,4.571,0.256,False,0.699,0.933,-0.64,-4.64,-8.14,-0.64,-0.32,4.64,4.699,0.32,False,184,0.311,0.405,0.0,-0.095,-4.095,-7.595,-0.095,-0.047,4.095,4.405,0.047,False,0.919,0.311,-0.608,-4.608,-8.108,-0.608,-0.304,4.608,4.919,0.304,False,0.923,0.0,-0.612,-4.612,-8.112,-0.612,-0.306,4.612,4.923,0.306,False,167,-0.218,0.842,0.622,-1.06,-5.06,-8.56,-1.06,-0.53,5.06,4.842,0.53,False,0.187,0.622,-0.405,-4.405,-7.905,-0.405,-0.203,4.405,4.187,0.203,False,0.453,1.243,-0.671,-4.671,-8.171,-0.671,-0.335,4.671,4.453,0.335,False,-10.465,-11.776,-11.786
VELVETUSDT,2350,14,84,39,39,1.0,0.4643,35,35,39,-0.557,3.954,6.346,-4.511,-8.511,-12.011,-4.511,-2.256,8.511,7.954,2.256,False,1.929,7.712,-2.486,-6.486,-9.986,-2.486,-1.243,6.486,5.929,1.243,False,5.487,6.074,-6.045,-10.045,-13.545,-6.045,-3.022,10.045,9.487,3.022,False,4,1.776,6.068,3.767,-4.292,-8.292,-11.792,-4.292,-2.146,8.292,10.068,2.146,True,10.191,6.208,-8.415,-12.415,-15.915,-8.415,-4.208,12.415,14.191,4.208,True,16.964,20.033,-15.188,-19.188,-22.688,-15.188,-7.594,19.188,20.964,7.594,True,35,-0.824,3.712,6.346,-4.536,-8.536,-12.036,-4.536,-2.268,8.536,7.712,2.268,False,0.984,7.712,-1.808,-5.808,-9.308,-1.808,-0.904,5.808,4.984,0.904,False,4.176,6.074,-5.0,-9.0,-12.5,-5.0,-2.5,9.0,8.176,2.5,False,-0.461,-0.69,-1.066,70,32,32,1.0,0.4571,29,29,32,-0.793,3.105,6.176,-3.897,-7.897,-11.397,-3.897,-1.949,7.897,7.105,1.949,False,1.093,3.643,-1.885,-5.885,-9.385,-1.885,-0.943,5.885,5.093,0.943,False,1.057,3.245,-1.849,-5.849,-9.349,-1.849,-0.925,5.849,5.057,0.925,False,3,1.909,2.369,0.0,-0.46,-4.46,-7.96,-0.46,-0.23,4.46,6.369,0.23,True,1.392,-0.425,0.517,-3.483,-6.983,0.517,0.259,3.483,5.392,0.0,True,5.567,-0.425,-3.658,-7.658,-11.158,-3.658,-1.829,7.658,9.567,1.829,True,29,-1.072,3.181,6.815,-4.253,-8.253,-11.753,-4.253,-2.126,8.253,7.181,2.126,True,1.062,7.712,-2.134,-6.134,-9.634,-2.134,-1.067,6.134,5.062,1.067,True,0.59,5.317,-1.662,-5.662,-9.162,-1.662,-0.831,5.662,4.59,0.831,True,-0.186,-0.145,-0.319
